Activity Type,Date,Favorite,Title,Distance,Calories,Time,Avg HR,Max HR,Aerobic TE,Avg Run Cadence,Max Run Cadence,Avg Speed,Max Speed,Elev Gain,Elev Loss,Avg Stride Length,Avg Vertical Ratio,Avg Vertical Oscillation,Avg Ground Contact Time,Avg GCT Balance,Training Stress ScoreÂ®,Grit,Flow,Bottom Time,Min Temp,Surface Interval,Decompression,Best Lap Time,Number of Runs,Max Temp
Other,2020-01-29 09:26:09,false,"Other","0.00","--","00:35:02","--","--","--","118","123","--","--","--","--","0.00","0.0","0.0","--","--","0.0","0.0","0.0","0:00","0.0","0:00","No","00:00.00","1","0.0"
Other,2020-01-28 08:57:00,false,"Other","0.00","--","00:36:21","--","--","--","136","155","--","--","--","--","0.00","0.0","0.0","--","--","0.0","0.0","0.0","0:00","0.0","0:00","No","04:22.94","3","0.0"
Running,2020-01-24 18:55:15,false,"Running","2.55","175","00:12:54","--","--","--","174","187","5:03","3:44","--","--","1.14","0.0","0.0","--","--","0.0","0.0","0.0","0:00","0.0","0:00","No","00:00.00","1","0.0"
Running,2020-01-24 11:09:46,false,"Running","1.51","103","00:07:46.1","--","--","--","178","193","5:09","4:31","--","--","1.09","0.0","0.0","--","--","0.0","0.0","0.0","0:00","0.0","0:00","No","00:00.00","1","0.0"
Running,2020-01-21 10:07:25,false,"Saanich Running","3.51","240","00:17:15","--","--","--","184","191","4:55","4:04","47","30","1.11","0.0","0.0","--","--","0.0","0.0","0.0","0:00","0.0","0:00","No","00:00.00","1","0.0"
Running,2020-01-21 09:03:30,false,"Saanich Running","7.43","478","00:40:41","--","--","--","184","213","5:29","2:44","46","46","0.98","0.0","0.0","--","--","0.0","0.0","0.0","0:00","0.0","0:00","No","00:12.12","19","0.0"
Running,2020-01-19 09:14:14,false,"Saanich Running","14.54","997","01:13:07","--","--","--","181","197","5:02","4:09","75","73","1.10","0.0","0.0","--","--","0.0","0.0","0.0","0:00","0.0","0:00","No","00:00.00","1","0.0"
Running,2020-01-18 09:22:08,false,"Saanich Running","15.88","1,072","01:16:36","--","--","--","183","206","4:50","2:59","152","152","1.13","0.0","0.0","--","--","0.0","0.0","0.0","0:00","0.0","0:00","No","00:30.29","22","0.0"
Treadmill Running,2020-01-14 08:35:43,false,"Treadmill Running","4.05","277","00:20:04","--","--","--","184","194","4:58","3:49","--","--","1.10","0.0","0.0","--","--","0.0","0.0","0.0","0:00","0.0","0:00","No","00:00.00","1","0.0"
Running,2020-01-12 12:14:43,false,"North Saanich Running","5.83","398","00:31:37","--","--","--","181","197","5:25","4:33","40","40","1.02","0.0","0.0","--","--","0.0","0.0","0.0","0:00","0.0","0:00","No","14:42.88","2","0.0"
Running,2020-01-12 11:29:46,false,"Pioneer 8k","8.07","537","00:30:44","--","--","--","191","204","3:48","3:02","65","64","1.37","0.0","0.0","--","--","0.0","0.0","0.0","0:00","0.0","0:00","No","00:14.13","9","0.0"
Running,2020-01-12 11:02:12,false,"North Saanich Running","3.79","257","00:18:51","--","--","--","181","191","4:59","3:57","38","39","1.11","0.0","0.0","--","--","0.0","0.0","0.0","0:00","0.0","0:00","No","00:09.94","4","0.0"
Running,2020-01-11 09:17:43,false,"Saanich Running","6.17","422","00:30:33","--","--","--","182","197","4:57","3:40","47","47","1.11","0.0","0.0","--","--","0.0","0.0","0.0","0:00","0.0","0:00","No","00:10.75","6","0.0"
Running,2020-01-09 14:51:47,false,"Saanich Running","13.67","819","01:10:48","151","181","3.7","177","256","5:11","3:05","4","4","1.12","8.6","9.8","235","49.7% L / 50.3% R","0.0","0.0","0.0","0:00","0.0","0:00","No","01:30.22","12","0.0"
Running,2020-01-07 09:44:39,false,"Oak Bay Running","1.80","117","00:09:15.9","152","163","2.4","184","192","5:09","4:32","7","18","1.04","9.4","9.9","222","49.4% L / 50.6% R","0.0","0.0","0.0","0:00","0.0","0:00","No","00:00.00","1","0.0"
Running,2020-01-07 08:36:19,false,"Saanich Running","12.23","736","01:00:46","154","181","4.4","182","216","4:58","3:06","105","98","1.12","8.6","9.5","228","49.9% L / 50.1% R","0.0","0.0","0.0","0:00","0.0","0:00","No","01:30.95","11","0.0"
Running,2020-01-06 07:55:55,false,"Saanich Running","6.11","409","00:30:47","--","--","--","184","191","5:02","3:57","49","51","1.08","0.0","0.0","--","--","0.0","0.0","0.0","0:00","0.0","0:00","No","00:00.00","1","0.0"
Running,2020-01-05 09:01:43,false,"Saanich Running","15.73","1,059","01:20:03","--","--","--","180","233","5:05","3:53","25","25","1.09","0.0","0.0","--","--","0.0","0.0","0.0","0:00","0.0","0:00","No","00:00.00","1","0.0"
Running,2020-01-04 09:40:24,false,"Saanich Running","15.15","991","01:25:31","156","184","3.8","176","256","5:39","2:47","75","75","1.10","7.6","8.5","248","49.5% L / 50.5% R","0.0","0.0","0.0","0:00","0.0","0:00","No","00:17.23","27","0.0"
Running,2020-01-02 10:29:38,false,"Saanich Running","13.61","921","01:02:24","--","--","--","189","200","4:35","3:30","51","49","1.15","0.0","0.0","--","--","0.0","0.0","0.0","0:00","0.0","0:00","No","02:01.29","5","0.0"
Running,2019-12-31 15:01:19,false,"Saanich Running","10.73","701","00:55:24","--","--","--","184","206","5:10","2:58","47","47","1.04","0.0","0.0","--","--","0.0","0.0","0.0","0:00","0.0","0:00","No","00:49.03","21","0.0"
Treadmill Running,2019-12-28 11:15:08,false,"Treadmill Running","8.76","577","00:50:36","--","--","--","184","217","5:47","2:47","--","--","0.92","0.0","0.0","--","--","0.0","0.0","0.0","0:00","0.0","0:00","No","00:29.93","26","0.0"
Running,2019-12-26 14:56:00,false,"Kenora District Running","5.38","369","00:27:05","--","--","--","183","192","5:02","4:18","38","38","1.09","0.0","0.0","--","--","0.0","0.0","0.0","0:00","0.0","0:00","No","00:00.00","1","0.0"
Treadmill Running,2019-12-23 09:26:53,false,"Treadmill Running","3.92","270","00:20:03","--","--","--","185","194","5:06","4:44","--","--","1.06","0.0","0.0","--","--","0.0","0.0","0.0","0:00","0.0","0:00","No","00:00.00","1","0.0"
Running,2019-12-22 12:00:44,false,"Kenora District Running","18.85","1,299","01:30:03","--","--","--","188","197","4:47","4:21","168","171","1.12","0.0","0.0","--","--","0.0","0.0","0.0","0:00","0.0","0:00","No","43:50.24","2","0.0"
Treadmill Running,2019-12-21 14:52:08,false,"Treadmill Running","9.10","612","01:01:18","--","--","--","184","203","6:44","3:04","--","--","0.80","0.0","0.0","--","--","0.0","0.0","0.0","0:00","0.0","0:00","No","00:49.20","10","0.0"
Treadmill Running,2019-12-20 13:03:57,false,"Treadmill Running","7.74","531","00:39:27","--","--","--","186","195","5:06","4:22","--","--","1.05","0.0","0.0","--","--","0.0","0.0","0.0","0:00","0.0","0:00","No","00:00.00","1","0.0"
Other,2019-12-18 09:07:10,false,"Other","0.00","--","01:00:02","--","--","--","117","159","--","--","--","--","0.00","0.0","0.0","--","--","0.0","0.0","0.0","0:00","0.0","0:00","No","00:00.00","1","0.0"
Treadmill Running,2019-12-17 15:17:19,false,"Treadmill Running","8.80","594","00:49:02","--","--","--","190","208","5:34","3:02","--","--","0.94","0.0","0.0","--","--","0.0","0.0","0.0","0:00","0.0","0:00","No","00:08.94","15","0.0"
Treadmill Running,2019-12-16 11:16:33,false,"Treadmill Running","7.71","527","00:39:37","--","--","--","187","235","5:08","3:50","--","--","1.04","0.0","0.0","--","--","0.0","0.0","0.0","0:00","0.0","0:00","No","05:14.61","2","0.0"
Running,2019-12-14 09:15:46,false,"Saanich Running","13.17","777","01:13:55","143","178","3.1","174","256","5:37","2:12","95","95","1.05","7.8","8.2","236","49.4% L / 50.6% R","0.0","0.0","0.0","0:00","0.0","0:00","No","00:01.60","21","0.0"
Running,2019-12-12 16:05:07,false,"Saanich Running","2.36","163","00:11:48","--","--","--","181","188","5:00","4:40","--","--","1.11","0.0","0.0","--","--","0.0","0.0","0.0","0:00","0.0","0:00","No","00:00.00","1","0.0"
Running,2019-12-12 14:50:06,false,"Saanich Running","13.12","885","01:00:28","--","--","--","183","197","4:36","3:17","5","6","1.18","0.0","0.0","--","--","0.0","0.0","0.0","0:00","0.0","0:00","No","02:00.96","8","0.0"
Running,2019-12-10 15:36:37,false,"Saanich Running","16.72","1,080","01:32:29","--","--","--","181","211","5:32","2:44","67","67","0.99","0.0","0.0","--","--","0.0","0.0","0.0","0:00","0.0","0:00","No","00:29.64","36","0.0"
Running,2019-12-08 09:07:52,false,"Saanich Running","15.99","1,074","01:20:01","--","--","--","182","244","5:00","4:14","27","27","1.10","0.0","0.0","--","--","0.0","0.0","0.0","0:00","0.0","0:00","No","00:00.00","1","0.0"
Running,2019-12-06 14:51:51,false,"Saanich Running","4.44","297","00:23:20","--","--","--","183","199","5:16","3:05","45","45","1.04","0.0","0.0","--","--","0.0","0.0","0.0","0:00","0.0","0:00","No","01:00.05","6","0.0"
Running,2019-12-04 08:31:13,false,"Saanich Running","9.19","625","00:43:25","--","--","--","186","195","4:43","3:33","48","48","1.14","0.0","0.0","--","--","0.0","0.0","0.0","0:00","0.0","0:00","No","00:00.00","1","0.0"
Running,2019-12-03 15:20:53,false,"Saanich Running","11.50","780","00:52:50","--","--","--","185","197","4:36","3:48","94","92","1.18","0.0","0.0","--","--","0.0","0.0","0.0","0:00","0.0","0:00","No","00:00.00","1","0.0"
Running,2019-12-02 09:19:44,false,"Saanich Running","5.30","362","00:26:40","--","--","--","185","193","5:02","4:10","42","46","1.08","0.0","0.0","--","--","0.0","0.0","0.0","0:00","0.0","0:00","No","00:00.00","1","0.0"
Running,2019-12-02 07:56:43,false,"Saanich Running","3.96","268","00:21:29","--","--","--","180","193","5:25","4:47","42","43","1.03","0.0","0.0","--","--","0.0","0.0","0.0","0:00","0.0","0:00","No","00:00.00","1","0.0"
Running,2019-12-01 09:04:08,false,"Saanich Running","18.72","1,267","01:30:01","--","--","--","184","230","4:48","3:42","29","29","1.13","0.0","0.0","--","--","0.0","0.0","0.0","0:00","0.0","0:00","No","00:00.00","1","0.0"
Running,2019-11-29 14:47:33,false,"Saanich Running","17.94","1,078","01:27:56","156","180","4.4","182","215","4:54","3:10","125","124","1.11","8.9","9.7","229","49.6% L / 50.4% R","0.0","0.0","0.0","0:00","0.0","0:00","No","00:24.90","18","0.0"
Running,2019-11-28 09:27:16,false,"Saanich Running","3.72","252","00:19:43","--","--","--","180","191","5:18","4:27","44","47","1.05","0.0","0.0","--","--","0.0","0.0","0.0","0:00","0.0","0:00","No","00:00.00","1","0.0"
Running,2019-11-28 07:49:40,false,"Saanich Running","3.95","271","00:20:24","--","--","--","181","197","5:10","4:12","43","43","1.07","0.0","0.0","--","--","0.0","0.0","0.0","0:00","0.0","0:00","No","00:00.00","1","0.0"
Running,2019-11-26 15:34:24,false,"Saanich Running","15.22","901","01:25:31","149","179","3.5","173","256","5:37","2:38","62","61","1.07","7.8","8.4","248","49.4% L / 50.6% R","0.0","0.0","0.0","0:00","0.0","0:00","No","00:00.64","25","0.0"
Running,2019-11-25 08:01:57,false,"Saanich Running","3.95","270","00:20:25","--","--","--","182","193","5:10","4:32","44","46","1.06","0.0","0.0","--","--","0.0","0.0","0.0","0:00","0.0","0:00","No","00:00.00","1","0.0"
Running,2019-11-24 09:04:10,false,"Saanich Running","16.76","1,029","01:17:21","161","181","5.0","186","207","4:37","3:55","30","30","1.14","8.6","10.0","216","49.8% L / 50.2% R","0.0","0.0","0.0","0:00","0.0","0:00","No","00:00.00","1","0.0"
Running,2019-11-22 14:50:10,false,"Saanich Running","12.72","732","01:10:01","142","180","3.4","173","256","5:30","2:28","56","56","1.07","8.3","8.8","243","49.9% L / 50.1% R","0.0","0.0","0.0","0:00","0.0","0:00","No","00:03.34","25","0.0"
Running,2019-11-21 07:49:23,false,"Saanich Running","8.18","560","00:40:50","--","--","--","181","191","4:59","4:20","62","62","1.11","0.0","0.0","--","--","0.0","0.0","0.0","0:00","0.0","0:00","No","00:00.00","1","0.0"
Running,2019-11-19 15:26:49,false,"Saanich Running","16.00","1,075","01:21:22","--","--","--","176","205","5:05","2:57","4","4","1.10","0.0","0.0","--","--","0.0","0.0","0.0","0:00","0.0","0:00","No","00:12.80","16","0.0"
Running,2019-11-17 09:06:17,false,"Saanich Running","12.24","826","01:00:04","--","--","--","182","197","4:55","3:47","21","21","1.12","0.0","0.0","--","--","0.0","0.0","0.0","0:00","0.0","0:00","No","00:00.00","1","0.0"
Running,2019-11-15 16:23:11,false,"Saanich Running","2.20","143","00:11:27","151","162","2.6","180","256","5:11","4:51","--","--","1.04","10.1","10.6","228","49.6% L / 50.4% R","0.0","0.0","0.0","0:00","0.0","0:00","No","00:00.00","1","0.0"
Running,2019-11-15 16:07:47,false,"Saanich Running","1.93","119","00:10:14","150","178","2.5","159","214","5:18","2:57","--","--","1.19","6.0","7.5","234","50.5% L / 49.5% R","0.0","0.0","0.0","0:00","0.0","0:00","No","00:08.08","10","0.0"
Running,2019-11-15 14:50:09,false,"Saanich Running","11.31","653","00:54:04","150","176","4.5","181","206","4:47","3:48","94","94","1.14","9.2","10.5","224","49.9% L / 50.1% R","0.0","0.0","0.0","0:00","0.0","0:00","No","05:02.92","2","0.0"
Running,2019-11-14 13:54:15,false,"Saanich Running","5.39","361","00:25:54","--","--","--","183","191","4:48","4:01","46","49","1.14","0.0","0.0","--","--","0.0","0.0","0.0","0:00","0.0","0:00","No","00:00.00","1","0.0"
Running,2019-11-12 06:01:56,false,"Oak Bay Running","10.85","626","00:52:02","155","187","5.0","179","221","4:48","3:36","28","22","1.16","8.8","10.2","228","49.8% L / 50.2% R","0.0","0.0","0.0","0:00","0.0","0:00","No","00:10.09","5","0.0"
Running,2019-11-09 13:00:02,false,"Kingston Running","8.09","538","00:30:59","--","--","--","187","211","3:50","2:49","1","2","1.40","0.0","0.0","--","--","0.0","0.0","0.0","0:00","0.0","0:00","No","00:00.00","1","0.0"
Running,2019-11-09 12:12:28,false,"Kingston Running","3.96","263","00:26:30","--","--","--","174","206","6:42","3:40","--","--","0.86","0.0","0.0","--","--","0.0","0.0","0.0","0:00","0.0","0:00","No","00:00.00","1","0.0"
Running,2019-11-08 15:20:24,false,"Kingston Running","4.62","309","00:21:53","--","--","--","180","191","4:44","3:40","1","1","1.17","0.0","0.0","--","--","0.0","0.0","0.0","0:00","0.0","0:00","No","01:00.31","5","0.0"
Running,2019-11-05 15:29:53,false,"Saanich Running","11.62","764","00:56:08","--","--","--","180","211","4:50","3:04","2","2","1.14","0.0","0.0","--","--","0.0","0.0","0.0","0:00","0.0","0:00","No","00:05.61","17","0.0"
Running,2019-11-03 09:02:32,false,"Running","10.46","706","00:50:32","--","--","--","182","197","4:50","4:06","--","--","1.14","0.0","0.0","--","--","0.0","0.0","0.0","0:00","0.0","0:00","No","00:00.00","1","0.0"
Running,2019-11-01 14:46:12,false,"Saanich Running","16.48","757","01:22:11","151","186","3.8","180","256","4:59","2:55","7","7","1.14","8.1","9.3","224","50.0% L / 50.0% R","0.0","0.0","0.0","0:00","0.0","0:00","No","00:00.37","13","0.0"
Running,2019-10-31 09:34:01,false,"Oak Bay Running","4.10","270","00:19:48","--","--","--","185","191","4:50","4:01","29","43","1.12","0.0","0.0","--","--","0.0","0.0","0.0","0:00","0.0","0:00","No","00:00.00","1","0.0"
Running,2019-10-29 15:35:03,false,"Saanich Running","13.42","866","01:03:28","--","--","--","182","204","4:44","2:58","2","2","1.15","0.0","0.0","--","--","0.0","0.0","0.0","0:00","0.0","0:00","No","00:38.09","25","0.0"
Running,2019-10-28 08:05:07,false,"Saanich Running","5.24","349","00:27:44","--","--","--","179","190","5:18","4:38","--","--","1.06","0.0","0.0","--","--","0.0","0.0","0.0","0:00","0.0","0:00","No","00:00.00","1","0.0"
Running,2019-10-27 09:05:01,false,"Colwood Running","12.58","838","01:05:06","--","--","--","182","197","5:11","4:11","96","119","1.06","0.0","0.0","--","--","0.0","0.0","0.0","0:00","0.0","0:00","No","00:00.00","1","0.0"
Running,2019-10-26 11:28:34,false,"Calgary Running","8.09","536","00:33:40","--","--","--","185","197","4:10","2:46","55","55","1.30","0.0","0.0","--","--","0.0","0.0","0.0","0:00","0.0","0:00","No","00:00.00","1","0.0"
Running,2019-10-26 10:43:51,false,"Calgary Running","3.63","241","00:18:32","--","--","--","175","187","5:07","4:21","22","16","1.12","0.0","0.0","--","--","0.0","0.0","0.0","0:00","0.0","0:00","No","00:00.00","1","0.0"
Running,2019-10-25 13:31:20,false,"Calgary Running","4.11","251","00:20:10","--","--","--","178","188","4:54","3:59","9","19","1.15","0.0","0.0","--","--","0.0","0.0","0.0","0:00","0.0","0:00","No","00:06.96","5","0.0"
Running,2019-10-22 15:31:30,false,"Saanich Running","11.74","568","00:56:45","152","182","3.5","180","256","4:50","2:53","2","2","1.16","8.4","9.8","230","50.1% L / 49.9% R","0.0","0.0","0.0","0:00","0.0","0:00","No","00:14.78","17","0.0"
Running,2019-10-21 09:26:45,false,"Saanich Running","5.09","335","00:26:12","--","--","--","184","197","5:09","4:23","47","47","1.06","0.0","0.0","--","--","0.0","0.0","0.0","0:00","0.0","0:00","No","00:27.62","6","0.0"
Running,2019-10-20 09:05:47,false,"Saanich Running","13.85","599","01:05:06","158","182","4.7","183","196","4:42","3:43","32","32","1.12","8.6","9.8","219","49.8% L / 50.2% R","0.0","0.0","0.0","0:00","0.0","0:00","No","00:04.93","16","0.0"
Running,2019-10-18 15:34:45,false,"Saanich Running","18.76","881","01:22:42","157","181","4.3","179","240","4:24","0:56","31","31","1.11","8.3","9.0","225","49.5% L / 50.5% R","0.0","0.0","0.0","0:00","0.0","0:00","No","00:30.50","26","0.0"
Running,2019-10-17 08:02:35,false,"Saanich Running","5.32","376","00:26:11","--","--","--","180","204","4:55","3:14","40","46","1.13","0.0","0.0","--","--","0.0","0.0","0.0","0:00","0.0","0:00","No","00:00.00","1","0.0"
Running,2019-10-15 15:34:16,false,"Saanich Running","19.50","1,013","01:26:06","160","184","5.0","183","202","4:25","2:49","6","6","1.13","8.7","9.9","220","50.0% L / 50.0% R","0.0","0.0","0.0","0:00","0.0","0:00","No","03:00.15","11","0.0"
Running,2019-10-13 10:03:10,false,"Running","12.00","806","00:51:46","--","--","--","182","197","4:19","3:43","--","--","1.27","0.0","0.0","--","--","0.0","0.0","0.0","0:00","0.0","0:00","No","00:00.00","1","0.0"
Running,2019-10-12 10:48:43,false,"Whatcom County Running","3.51","242","00:19:21","--","--","--","175","186","5:31","3:57","6","4","1.03","0.0","0.0","--","--","0.0","0.0","0.0","0:00","0.0","0:00","No","00:00.00","1","0.0"
Running,2019-10-12 10:00:52,false,"Whatcom County Running","6.65","458","00:24:48","--","--","--","186","204","3:44","3:01","14","14","1.45","0.0","0.0","--","--","0.0","0.0","0.0","0:00","0.0","0:00","No","00:00.00","1","0.0"
Running,2019-10-12 09:20:08,false,"Whatcom County Running","4.91","340","00:24:20","--","--","--","182","221","4:57","3:37","17","21","1.11","0.0","0.0","--","--","0.0","0.0","0.0","0:00","0.0","0:00","No","01:04.60","5","0.0"
Running,2019-10-11 15:59:11,false,"Whatcom County Running","4.60","315","00:20:37","--","--","--","178","191","4:29","3:26","9","10","1.26","0.0","0.0","--","--","0.0","0.0","0.0","0:00","0.0","0:00","No","00:36.81","5","0.0"
Running,2019-10-08 15:30:45,false,"Saanich Running","10.19","700","00:47:35","--","--","--","177","195","4:40","3:11","1","1","1.21","0.0","0.0","--","--","0.0","0.0","0.0","0:00","0.0","0:00","No","00:59.53","9","0.0"
Running,2019-10-06 09:18:03,false,"Langford Running","8.10","425","00:42:22","144","180","3.2","174","206","5:14","3:40","285","319","1.01","9.9","9.6","240","49.4% L / 50.6% R","0.0","0.0","0.0","0:00","0.0","0:00","No","01:05.88","5","0.0"
Running,2019-10-04 15:49:53,false,"Saanich Running","18.78","1,255","01:14:29","--","--","--","184","193","3:58","3:20","10","7","1.37","0.0","0.0","--","--","0.0","0.0","0.0","0:00","0.0","0:00","No","09:13.24","4","0.0"
Running,2019-10-03 09:26:38,false,"Saanich Running","8.88","604","00:40:01","--","--","--","180","211","4:30","3:31","--","--","1.23","0.0","0.0","--","--","0.0","0.0","0.0","0:00","0.0","0:00","No","00:00.00","1","0.0"
Running,2019-10-01 16:51:31,false,"Saanich Running","4.65","294","00:24:28","152","167","3.2","182","226","5:16","4:19","4","--","1.04","9.1","9.6","214","47.2% L / 52.8% R","0.0","0.0","0.0","0:00","0.0","0:00","No","00:00.00","1","0.0"
Running,2019-10-01 16:17:08,false,"Saanich Running","7.86","440","00:32:59","169","183","4.4","185","240","4:12","3:03","2","3","1.27","8.1","10.2","211","50.0% L / 50.0% R","0.0","0.0","0.0","0:00","0.0","0:00","No","00:52.46","10","0.0"
Running,2019-10-01 15:31:39,false,"Saanich Running","5.35","268","00:24:02","144","173","3.0","182","194","4:30","3:01","--","2","1.26","7.9","10.0","228","49.4% L / 50.6% R","0.0","0.0","0.0","0:00","0.0","0:00","No","04:01.79","2","0.0"
Running,2019-09-30 07:57:20,false,"Saanich Running","6.31","429","00:29:50","--","--","--","179","197","4:44","4:04","14","--","1.18","0.0","0.0","--","--","0.0","0.0","0.0","0:00","0.0","0:00","No","00:00.00","1","0.0"
Running,2019-09-29 09:04:47,false,"Saanich Running","12.36","883","01:00:02","--","--","--","182","193","4:52","3:50","34","34","1.13","0.0","0.0","--","--","0.0","0.0","0.0","0:00","0.0","0:00","No","00:00.00","1","0.0"
Running,2019-09-28 11:59:01,false,"Saanich Running","6.69","476","00:25:27","--","--","--","187","211","3:48","2:52","2","11","1.41","0.0","0.0","--","--","0.0","0.0","0.0","0:00","0.0","0:00","No","00:00.00","1","0.0"
Running,2019-09-28 11:14:08,false,"Saanich Running","4.43","307","00:23:53","--","--","--","176","188","5:24","3:40","4","9","1.05","0.0","0.0","--","--","0.0","0.0","0.0","0:00","0.0","0:00","No","00:59.78","5","0.0"
Running,2019-09-27 15:38:38,false,"Saanich Running","5.50","382","00:25:46","--","--","--","177","193","4:41","3:17","10","17","1.20","0.0","0.0","--","--","0.0","0.0","0.0","0:00","0.0","0:00","No","00:00.00","1","0.0"
Running,2019-09-26 11:28:30,false,"Saanich Running","8.13","564","00:38:21","--","--","--","184","211","4:43","3:39","44","45","1.15","0.0","0.0","--","--","0.0","0.0","0.0","0:00","0.0","0:00","No","00:00.00","1","0.0"
Running,2019-09-24 17:07:14,false,"Saanich Running","2.13","147","00:11:10","--","--","--","176","185","5:15","4:22","--","--","1.08","0.0","0.0","--","--","0.0","0.0","0.0","0:00","0.0","0:00","No","00:00.00","1","0.0"
Running,2019-09-24 16:25:14,false,"Saanich Running","6.25","430","00:29:38","--","--","--","179","197","4:45","3:12","1","1","1.17","0.0","0.0","--","--","0.0","0.0","0.0","0:00","0.0","0:00","No","00:27.76","8","0.0"
Running,2019-09-24 15:36:07,false,"Saanich Running","4.96","331","00:22:13","--","--","--","176","190","4:29","3:07","--","1","1.26","0.0","0.0","--","--","0.0","0.0","0.0","0:00","0.0","0:00","No","02:09.57","3","0.0"
Running,2019-09-22 09:09:09,false,"Colwood Running","17.04","1,168","01:11:51","--","--","--","181","211","4:13","2:26","130","137","1.31","0.0","0.0","--","--","0.0","0.0","0.0","0:00","0.0","0:00","No","06:20.15","3","0.0"
Running,2019-09-20 17:03:38,false,"Saanich Running","3.85","233","00:20:27","147","166","2.9","175","192","5:19","4:06","--","--","0.99","10.3","10.3","222","49.1% L / 50.9% R","0.0","0.0","0.0","0:00","0.0","0:00","No","00:00.00","1","0.0"
Running,2019-09-20 16:20:31,false,"Saanich Running","7.36","431","00:32:14","171","185","4.6","177","256","4:23","2:26","2","2","1.26","8.1","9.7","229","50.6% L / 49.4% R","0.0","0.0","0.0","0:00","0.0","0:00","No","00:04.93","10","0.0"
Running,2019-09-20 15:37:18,false,"Saanich Running","4.56","253","00:21:04","153","174","3.2","177","205","4:37","3:07","--","--","1.15","9.1","10.5","235","49.7% L / 50.3% R","0.0","0.0","0.0","0:00","0.0","0:00","No","00:05.95","5","0.0"
Running,2019-09-19 09:42:12,false,"Saanich Running","2.11","148","00:10:01","--","--","--","180","190","4:44","3:39","--","--","1.18","0.0","0.0","--","--","0.0","0.0","0.0","0:00","0.0","0:00","No","00:00.00","1","0.0"
Running,2019-09-19 08:04:53,false,"Saanich Running","4.54","318","00:20:30","--","--","--","179","188","4:31","3:10","43","43","1.24","0.0","0.0","--","--","0.0","0.0","0.0","0:00","0.0","0:00","No","00:00.00","1","0.0"
Swimming,2019-09-18 14:30:51,false,"Swimming","1,500","--","00:32:21","--","--","--","--","--","2:09","--","--","--","0.00","0.0","0.0","--","--","0.0","0.0","0.0","0:00","0.0","0:00","No","00:06.78","39","0.0"
Running,2019-09-17 17:08:36,false,"Saanich Running","3.76","260","00:18:05","--","--","--","177","187","4:49","3:36","2","--","1.17","0.0","0.0","--","--","0.0","0.0","0.0","0:00","0.0","0:00","No","00:00.00","1","0.0"
Running,2019-09-17 16:21:48,false,"Saanich Running","5.62","372","00:29:06","--","--","--","168","235","5:11","1:27","5","6","1.13","0.0","0.0","--","--","0.0","0.0","0.0","0:00","0.0","0:00","No","00:16.88","12","0.0"
Running,2019-09-17 15:38:25,false,"Saanich Running","5.41","380","00:24:52","--","--","--","176","189","4:36","2:49","4","4","1.23","0.0","0.0","--","--","0.0","0.0","0.0","0:00","0.0","0:00","No","00:05.18","5","0.0"
Running,2019-09-15 08:41:49,false,"North Cowichan Running","14.91","1,051","01:10:01","--","--","--","178","188","4:42","3:49","86","89","1.19","0.0","0.0","--","--","0.0","0.0","0.0","0:00","0.0","0:00","No","00:00.00","1","0.0"
Running,2019-09-14 10:23:51,false,"North Cowichan Running","3.13","71","00:16:00","--","--","--","180","189","5:06","4:15","17","13","1.09","0.0","0.0","--","--","0.0","0.0","0.0","0:00","0.0","0:00","No","00:00.00","1","0.0"
Running,2019-09-14 09:43:21,false,"Workout","6.43","449","00:30:50","--","--","--","181","201","4:48","3:01","40","38","1.14","0.0","0.0","--","--","0.0","0.0","0.0","0:00","0.0","0:00","No","00:50.36","12","0.0"
Running,2019-09-14 08:49:39,false,"North Cowichan Running","5.35","380","00:24:23","--","--","--","180","193","4:34","3:36","38","34","1.21","0.0","0.0","--","--","0.0","0.0","0.0","0:00","0.0","0:00","No","00:59.96","5","0.0"
Running,2019-09-10 15:34:46,false,"Saanich Running","5.90","399","00:28:33","--","--","--","174","188","4:50","2:56","3","3","1.18","0.0","0.0","--","--","0.0","0.0","0.0","0:00","0.0","0:00","No","01:00.43","5","0.0"
Running,2019-09-09 08:09:15,false,"Saanich Running","4.18","291","00:20:54","--","--","--","181","188","5:00","4:13","48","48","1.10","0.0","0.0","--","--","0.0","0.0","0.0","0:00","0.0","0:00","No","00:00.00","1","0.0"
Running,2019-09-08 09:05:44,false,"Colwood Running","13.29","922","01:03:41","--","--","--","178","211","4:48","3:00","107","104","1.17","0.0","0.0","--","--","0.0","0.0","0.0","0:00","0.0","0:00","No","00:00.00","1","0.0"
Running,2019-09-06 16:57:37,false,"Saanich Running","5.71","382","00:27:26","--","--","--","175","184","4:48","1:25","4","--","1.19","0.0","0.0","--","--","0.0","0.0","0.0","0:00","0.0","0:00","No","13:33.68","2","0.0"
Running,2019-09-06 16:23:34,false,"Saanich Running","5.28","373","00:20:28","--","--","--","187","197","3:53","2:47","3","2","1.38","0.0","0.0","--","--","0.0","0.0","0.0","0:00","0.0","0:00","No","00:00.00","1","0.0"
Running,2019-09-06 15:36:15,false,"Saanich Running","5.21","355","00:24:14","--","--","--","175","188","4:39","2:54","--","2","1.23","0.0","0.0","--","--","0.0","0.0","0.0","0:00","0.0","0:00","No","00:13.62","5","0.0"
Running,2019-09-05 13:26:17,false,"Saanich Running","5.37","370","00:29:36","--","--","--","174","190","5:31","3:33","46","48","1.04","0.0","0.0","--","--","0.0","0.0","0.0","0:00","0.0","0:00","No","00:00.00","1","0.0"
Running,2019-09-03 17:04:43,false,"Saanich Running","3.78","243","00:24:00","--","--","--","160","243","6:21","4:22","48","49","0.98","0.0","0.0","--","--","0.0","0.0","0.0","0:00","0.0","0:00","No","00:34.39","6","0.0"
Running,2019-09-03 15:39:19,false,"Saanich Running","7.38","513","00:33:55","--","--","--","177","191","4:36","3:21","77","77","1.22","0.0","0.0","--","--","0.0","0.0","0.0","0:00","0.0","0:00","No","00:37.20","5","0.0"
Running,2019-09-02 09:08:43,false,"Saanich Running","4.17","285","00:20:04","--","--","--","182","189","4:49","4:00","23","23","1.15","0.0","0.0","--","--","0.0","0.0","0.0","0:00","0.0","0:00","No","00:00.00","1","0.0"
Running,2019-09-01 09:02:57,false,"Saanich Running","10.26","728","00:51:07","--","--","--","176","188","4:59","3:21","26","26","1.14","0.0","0.0","--","--","0.0","0.0","0.0","0:00","0.0","0:00","No","00:00.00","1","0.0"
Running,2019-08-20 19:04:37,false,"Kenora District Running","12.04","817","00:54:54","--","--","--","181","197","4:34","3:07","55","55","1.21","0.0","0.0","--","--","0.0","0.0","0.0","0:00","0.0","0:00","No","26:58.60","2","0.0"
Running,2019-08-19 19:37:46,false,"Kenora District Running","7.44","505","00:40:19","--","--","--","169","188","5:25","3:29","47","46","1.09","0.0","0.0","--","--","0.0","0.0","0.0","0:00","0.0","0:00","No","03:50.16","2","0.0"
Running,2019-08-15 18:51:25,false,"Kenora District Running","5.46","344","00:29:26","--","--","--","168","236","5:24","3:10","29","13","1.10","0.0","0.0","--","--","0.0","0.0","0.0","0:00","0.0","0:00","No","00:00.00","1","0.0"
Running,2019-08-07 10:24:50,false,"Prince Running","4.86","308","00:25:44","--","--","--","181","188","5:17","4:35","10","13","1.04","0.0","0.0","--","--","0.0","0.0","0.0","0:00","0.0","0:00","No","00:00.00","1","0.0"
Running,2019-07-21 11:18:16,false,"Kenora District Running","6.32","415","00:37:06","--","--","--","168","180","5:52","4:36","54","57","1.01","0.0","0.0","--","--","0.0","0.0","0.0","0:00","0.0","0:00","No","00:00.00","1","0.0"
Running,2019-07-13 09:28:28,false,"Kenora District Running","5.26","347","00:29:17","--","--","--","173","187","5:34","4:12","24","26","1.04","0.0","0.0","--","--","0.0","0.0","0.0","0:00","0.0","0:00","No","00:00.00","1","0.0"
Running,2019-07-02 15:57:15,false,"Kenora District Running","6.06","385","00:29:30","--","--","--","180","188","4:52","4:16","17","16","1.14","0.0","0.0","--","--","0.0","0.0","0.0","0:00","0.0","0:00","No","00:00.00","1","0.0"
Running,2019-06-26 19:13:34,false,"Kenora District Running","7.09","455","00:44:32","--","--","--","168","185","6:17","4:05","51","53","0.95","0.0","0.0","--","--","0.0","0.0","0.0","0:00","0.0","0:00","No","00:10.13","4","0.0"
Running,2019-05-23 19:05:09,false,"Kenora District Running","2.28","146","00:12:00","--","--","--","173","181","5:16","3:49","21","13","1.09","0.0","0.0","--","--","0.0","0.0","0.0","0:00","0.0","0:00","No","00:00.00","1","0.0"
Running,2019-05-10 12:51:44,false,"Kenora District Running","5.68","358","00:29:21","--","--","--","183","189","5:10","4:44","41","38","1.06","0.0","0.0","--","--","0.0","0.0","0.0","0:00","0.0","0:00","No","00:00.00","1","0.0"
Trail Running,2019-05-04 10:47:09,false,"Cobble Hill 20km Trail Race","22.45","1,423","02:51:04","--","--","--","157","246","7:37","1:52","820","820","0.83","0.0","0.0","--","--","0.0","0.0","0.0","0:00","0.0","0:00","No","00:08.62","3","0.0"
Running,2019-05-02 13:53:04,false,"Saanich Running","7.00","448","00:33:45","--","--","--","180","191","4:49","4:19","--","3","1.15","0.0","0.0","--","--","0.0","0.0","0.0","0:00","0.0","0:00","No","00:00.00","1","0.0"
Running,2019-04-30 07:21:56,false,"Saanich Running","9.46","603","00:49:42","--","--","--","178","189","5:15","4:39","--","--","1.07","0.0","0.0","--","--","0.0","0.0","0.0","0:00","0.0","0:00","No","24:08.70","2","0.0"
Running,2019-04-28 13:31:50,false,"Saanich Running","10.03","642","00:47:09","--","--","--","184","193","4:42","3:39","5","10","1.15","0.0","0.0","--","--","0.0","0.0","0.0","0:00","0.0","0:00","No","00:00.00","1","0.0"
Running,2019-04-25 13:28:28,false,"Saanich Running","6.80","438","00:33:40","--","--","--","186","193","4:57","4:06","9","11","1.08","0.0","0.0","--","--","0.0","0.0","0.0","0:00","0.0","0:00","No","06:29.44","2","0.0"
Running,2019-04-23 16:31:32,false,"Saanich Running","6.46","399","00:45:50","--","--","--","175","211","7:06","2:56","42","42","0.79","0.0","0.0","--","--","0.0","0.0","0.0","0:00","0.0","0:00","No","00:44.25","11","0.0"
Running,2019-04-23 15:35:18,false,"Saanich Running","4.74","299","00:22:41","--","--","--","179","195","4:47","3:53","--","--","1.17","0.0","0.0","--","--","0.0","0.0","0.0","0:00","0.0","0:00","No","00:44.68","8","0.0"
Running,2019-04-18 09:17:54,false,"Saanich Running","3.67","215","00:16:44","--","--","--","183","191","4:33","3:41","3","--","1.20","0.0","0.0","--","--","0.0","0.0","0.0","0:00","0.0","0:00","No","00:00.00","1","0.0"
Running,2019-04-18 08:26:32,false,"Saanich Running","8.42","542","00:41:20","--","--","--","180","197","4:55","3:33","2","2","1.13","0.0","0.0","--","--","0.0","0.0","0.0","0:00","0.0","0:00","No","00:25.85","5","0.0"
Running,2019-04-16 15:57:42,false,"Running","2.49","155","00:11:17","--","--","--","184","201","4:32","3:50","--","--","1.20","0.0","0.0","--","--","0.0","0.0","0.0","0:00","0.0","0:00","No","00:10.97","7","0.0"
Running,2019-04-13 10:48:15,false,"Colwood Running","10.41","666","00:56:37","--","--","--","176","236","5:26","3:39","93","95","1.04","0.0","0.0","--","--","0.0","0.0","0.0","0:00","0.0","0:00","No","00:01.00","5","0.0"
Running,2019-04-09 16:43:10,false,"Oak Bay Running","3.29","207","00:18:38","--","--","--","183","191","5:40","4:42","79","30","0.96","0.0","0.0","--","--","0.0","0.0","0.0","0:00","0.0","0:00","No","00:12.64","5","0.0"
Running,2019-04-09 16:07:49,false,"Oak Bay Running","5.79","365","00:26:49","--","--","--","191","200","4:38","1:16","9","5","1.13","0.0","0.0","--","--","0.0","0.0","0.0","0:00","0.0","0:00","No","00:15.12","8","0.0"
Running,2019-04-09 15:31:52,false,"Running","4.64","290","00:23:52","--","--","--","180","193","5:09","3:58","--","--","1.07","0.0","0.0","--","--","0.0","0.0","0.0","0:00","0.0","0:00","No","00:47.48","7","0.0"
Running,2019-04-07 09:11:03,false,"Langford Running","12.84","825","01:09:41","--","--","--","178","211","5:26","3:57","144","144","1.04","0.0","0.0","--","--","0.0","0.0","0.0","0:00","0.0","0:00","No","00:00.00","1","0.0"
Running,2019-04-06 11:25:36,false,"Saanich Running","1.64","102","00:09:12.7","--","--","--","184","191","5:37","5:05","6","6","0.97","0.0","0.0","--","--","0.0","0.0","0.0","0:00","0.0","0:00","No","00:00.00","1","0.0"
Running,2019-04-06 10:25:44,false,"Saanich Running","5.28","309","00:35:11","--","--","--","176","246","6:40","2:36","--","--","0.84","0.0","0.0","--","--","0.0","0.0","0.0","0:00","0.0","0:00","No","00:29.74","31","0.0"
Running,2019-04-06 09:33:26,false,"Saanich Running","4.36","270","00:21:50","--","--","--","181","197","5:00","3:39","45","46","1.10","0.0","0.0","--","--","0.0","0.0","0.0","0:00","0.0","0:00","No","00:10.93","7","0.0"
Running,2019-03-31 09:42:46,false,"Saanich Running","5.05","324","00:24:45","--","--","--","184","193","4:54","4:19","--","--","1.11","0.0","0.0","--","--","0.0","0.0","0.0","0:00","0.0","0:00","No","00:00.00","1","0.0"
Running,2019-03-30 09:11:06,false,"Running","5.56","356","00:27:51","--","--","--","182","211","5:01","4:25","--","--","1.10","0.0","0.0","--","--","0.0","0.0","0.0","0:00","0.0","0:00","No","00:00.00","1","0.0"
Running,2019-03-29 16:49:03,false,"Saanich Running","3.47","218","00:18:46","--","--","--","182","193","5:25","3:39","7","8","1.01","0.0","0.0","--","--","0.0","0.0","0.0","0:00","0.0","0:00","No","00:00.00","1","0.0"
Running,2019-03-29 15:06:37,false,"Saanich Running","5.74","363","00:51:49","--","--","--","165","238","9:02","1:48","40","33","0.66","0.0","0.0","--","--","0.0","0.0","0.0","0:00","0.0","0:00","No","00:00.17","9","0.0"
Running,2019-03-24 09:03:47,false,"Saanich Running","10.19","653","00:50:01","--","--","--","183","211","4:54","3:12","3","21","1.11","0.0","0.0","--","--","0.0","0.0","0.0","0:00","0.0","0:00","No","00:00.00","1","0.0"
Running,2019-03-23 09:13:55,false,"Saanich Running","5.20","331","00:27:43","--","--","--","177","191","5:20","4:06","--","--","1.06","0.0","0.0","--","--","0.0","0.0","0.0","0:00","0.0","0:00","No","00:00.00","1","0.0"
Running,2019-03-22 15:08:30,false,"Saanich Running","5.72","359","00:39:52","--","--","--","175","227","6:58","4:25","--","--","0.82","0.0","0.0","--","--","0.0","0.0","0.0","0:00","0.0","0:00","No","13:16.40","2","0.0"
Running,2019-03-15 15:06:20,false,"Saanich Running","7.37","467","00:36:42","--","--","--","177","189","4:59","3:36","5","5","1.14","0.0","0.0","--","--","0.0","0.0","0.0","0:00","0.0","0:00","No","00:00.00","1","0.0"
Running,2019-03-09 09:15:18,false,"Running","5.14","326","00:28:26","--","--","--","183","193","5:32","4:51","--","--","0.99","0.0","0.0","--","--","0.0","0.0","0.0","0:00","0.0","0:00","No","00:00.00","1","0.0"
Running,2019-03-08 16:08:39,false,"Saanich Running","11.03","696","01:04:07","--","--","--","178","200","5:49","3:21","150","149","0.96","0.0","0.0","--","--","0.0","0.0","0.0","0:00","0.0","0:00","No","00:31.83","25","0.0"
Running,2019-03-08 15:33:18,false,"Saanich Running","4.73","298","00:24:21","--","--","--","181","250","5:09","3:44","--","1","1.07","0.0","0.0","--","--","0.0","0.0","0.0","0:00","0.0","0:00","No","00:52.30","7","0.0"
Running,2019-03-02 09:13:20,false,"Running","6.02","386","00:29:54","--","--","--","184","197","4:58","4:21","--","--","1.10","0.0","0.0","--","--","0.0","0.0","0.0","0:00","0.0","0:00","No","00:00.00","1","0.0"
Running,2019-03-01 15:42:54,false,"Saanich Running","5.81","368","00:26:57","--","--","--","184","202","4:38","0:42","26","26","1.16","0.0","0.0","--","--","0.0","0.0","0.0","0:00","0.0","0:00","No","01:08.24","8","0.0"
Running,2019-02-24 11:39:55,false,"Colwood Running","2.38","151","00:14:59","--","--","--","181","191","6:17","5:12","43","52","0.88","0.0","0.0","--","--","0.0","0.0","0.0","0:00","0.0","0:00","No","02:29.29","3","0.0"
Running,2019-02-24 11:02:13,false,"Colwood Running","7.93","496","00:34:51","--","--","--","186","202","4:24","3:10","81","81","1.22","0.0","0.0","--","--","0.0","0.0","0.0","0:00","0.0","0:00","No","03:49.80","8","0.0"
Running,2019-02-24 10:25:44,false,"Colwood Running","3.78","239","00:21:41","--","--","--","184","191","5:44","5:27","40","--","0.95","0.0","0.0","--","--","0.0","0.0","0.0","0:00","0.0","0:00","No","00:00.00","1","0.0"
Running,2019-02-23 09:28:42,false,"Saanich Running","3.35","214","00:17:03","--","--","--","184","191","5:05","4:21","23","3","1.07","0.0","0.0","--","--","0.0","0.0","0.0","0:00","0.0","0:00","No","00:00.00","1","0.0"
Running,2019-02-18 14:10:51,false,"Yavapai County Running","8.87","562","00:50:50","--","--","--","171","191","5:44","4:25","147","158","1.02","0.0","0.0","--","--","0.0","0.0","0.0","0:00","0.0","0:00","No","00:00.00","1","0.0"
Running,2019-02-16 11:17:55,false,"Mesa Running","5.40","344","00:28:48","--","--","--","178","189","5:20","4:45","--","5","1.05","0.0","0.0","--","--","0.0","0.0","0.0","0:00","0.0","0:00","No","00:00.00","1","0.0"
Running,2019-02-08 16:18:01,false,"Running","4.57","265","00:34:35","--","--","--","175","211","7:34","2:51","--","--","0.74","0.0","0.0","--","--","0.0","0.0","0.0","0:00","0.0","0:00","No","00:00.57","37","0.0"
Running,2019-02-03 08:17:47,false,"Running","20.56","1,318","01:41:49","--","--","--","182","193","4:57","4:09","--","--","1.11","0.0","0.0","--","--","0.0","0.0","0.0","0:00","0.0","0:00","No","00:00.00","1","0.0"
Running,2019-02-01 15:34:50,false,"Saanich Running","11.98","750","00:57:33","--","--","--","183","201","4:48","3:26","--","--","1.13","0.0","0.0","--","--","0.0","0.0","0.0","0:00","0.0","0:00","No","02:00.87","8","0.0"
Running,2019-01-29 13:22:32,false,"Saanich Running","3.15","197","00:14:40","--","--","--","184","197","4:39","3:09","5","--","1.17","0.0","0.0","--","--","0.0","0.0","0.0","0:00","0.0","0:00","No","00:00.00","1","0.0"
Running,2019-01-29 12:09:24,false,"Saanich Running","11.46","722","00:54:01","--","--","--","186","197","4:43","3:11","1","6","1.14","0.0","0.0","--","--","0.0","0.0","0.0","0:00","0.0","0:00","No","01:30.41","7","0.0"
Running,2019-01-27 09:07:27,false,"Saanich Running","20.18","1,327","01:40:08","--","--","--","184","197","4:58","3:18","48","48","1.09","0.0","0.0","--","--","0.0","0.0","0.0","0:00","0.0","0:00","No","00:06.96","5","0.0"
Running,2019-01-26 09:27:17,false,"Running","5.35","338","00:29:01","--","--","--","183","197","5:25","4:23","--","--","1.01","0.0","0.0","--","--","0.0","0.0","0.0","0:00","0.0","0:00","No","00:00.00","1","0.0"
Running,2019-01-25 16:21:22,false,"Saanich Running","6.32","391","00:36:51","--","--","--","184","211","5:50","2:55","--","--","0.92","0.0","0.0","--","--","0.0","0.0","0.0","0:00","0.0","0:00","No","00:23.06","15","0.0"
Running,2019-01-20 09:19:01,false,"Running","15.73","997","01:24:25","--","--","--","186","195","5:22","4:35","--","--","1.00","0.0","0.0","--","--","0.0","0.0","0.0","0:00","0.0","0:00","No","00:00.00","1","0.0"
Running,2019-01-19 09:18:47,false,"Running","5.04","319","00:27:37","--","--","--","182","197","5:29","4:28","--","--","1.00","0.0","0.0","--","--","0.0","0.0","0.0","0:00","0.0","0:00","No","00:00.00","1","0.0"
Running,2019-01-18 16:20:23,false,"Saanich Running","4.54","278","00:35:10","--","--","--","182","236","7:44","1:31","--","--","0.70","0.0","0.0","--","--","0.0","0.0","0.0","0:00","0.0","0:00","No","00:29.89","20","0.0"
Running,2019-01-18 15:35:33,false,"Running","4.64","293","00:22:10","--","--","--","184","197","4:46","3:43","--","--","1.14","0.0","0.0","--","--","0.0","0.0","0.0","0:00","0.0","0:00","No","00:23.98","7","0.0"
Running,2019-01-15 11:55:31,false,"Saanich Running","4.17","266","00:21:56","--","--","--","185","197","5:15","3:43","1","--","1.03","0.0","0.0","--","--","0.0","0.0","0.0","0:00","0.0","0:00","No","00:00.00","1","0.0"
Running,2019-01-12 09:42:30,false,"Saanich Running","5.31","334","00:28:30","--","--","--","183","239","5:22","4:29","--","--","1.02","0.0","0.0","--","--","0.0","0.0","0.0","0:00","0.0","0:00","No","00:00.00","1","0.0"
Running,2019-01-11 17:14:09,false,"Saanich Running","2.40","152","00:13:29","--","--","--","181","191","5:37","5:03","6","7","0.98","0.0","0.0","--","--","0.0","0.0","0.0","0:00","0.0","0:00","No","00:00.00","1","0.0"
Running,2019-01-11 16:27:00,false,"Saanich Running","4.60","281","00:31:23","--","--","--","167","227","6:49","2:22","--","--","0.86","0.0","0.0","--","--","0.0","0.0","0.0","0:00","0.0","0:00","No","00:16.12","18","0.0"
Running,2019-01-11 15:35:12,false,"Saanich Running","4.68","295","00:22:44","--","--","--","180","197","4:51","3:55","--","--","1.14","0.0","0.0","--","--","0.0","0.0","0.0","0:00","0.0","0:00","No","00:46.69","7","0.0"
Running,2019-01-08 13:07:33,false,"Saanich Running","5.71","322","00:30:39","--","--","--","185","197","5:22","1:22","5","5","1.00","0.0","0.0","--","--","0.0","0.0","0.0","0:00","0.0","0:00","No","04:17.100","2","0.0"
Running,2019-01-08 12:29:13,false,"Saanich Running","6.96","430","00:28:13","--","--","--","185","197","4:03","2:43","1","--","1.33","0.0","0.0","--","--","0.0","0.0","0.0","0:00","0.0","0:00","No","00:55.58","8","0.0"
Running,2019-01-06 10:14:58,false,"Victoria Running","3.47","220","00:19:05","--","--","--","184","193","5:30","4:39","5","--","0.99","0.0","0.0","--","--","0.0","0.0","0.0","0:00","0.0","0:00","No","00:00.00","1","0.0"
Running,2019-01-05 09:36:44,false,"Running","5.25","332","00:30:03","--","--","--","176","189","5:44","5:15","--","--","0.99","0.0","0.0","--","--","0.0","0.0","0.0","0:00","0.0","0:00","No","00:00.00","1","0.0"
Running,2019-01-04 16:14:41,false,"Saanich Running","7.24","443","00:55:29","--","--","--","174","211","7:40","2:22","7","7","0.73","0.0","0.0","--","--","0.0","0.0","0.0","0:00","0.0","0:00","No","00:00.61","16","0.0"
Running,2019-01-04 15:30:37,false,"Saanich Running","4.18","262","00:22:21","--","--","--","172","201","5:21","4:01","--","--","1.08","0.0","0.0","--","--","0.0","0.0","0.0","0:00","0.0","0:00","No","01:01.39","5","0.0"
Treadmill Running,2018-12-18 11:01:17,false,"Treadmill Running","3.63","222","00:24:47","--","--","--","182","206","6:50","3:31","--","--","0.79","0.0","0.0","--","--","0.0","0.0","0.0","0:00","0.0","0:00","No","02:00.10","7","0.0"
Running,2018-12-14 17:05:50,false,"Saanich Running","1.79","116","00:10:01","--","--","--","179","188","5:35","4:00","--","--","1.00","0.0","0.0","--","--","0.0","0.0","0.0","0:00","0.0","0:00","No","00:00.00","1","0.0"
Running,2018-12-14 16:14:24,false,"Saanich Running","3.62","210","00:27:00","--","--","--","183","220","7:28","1:07","--","--","0.72","0.0","0.0","--","--","0.0","0.0","0.0","0:00","0.0","0:00","No","00:31.95","18","0.0"
Running,2018-12-14 15:38:14,false,"Running","3.87","245","00:20:09","--","--","--","184","238","5:13","4:29","--","--","1.04","0.0","0.0","--","--","0.0","0.0","0.0","0:00","0.0","0:00","No","00:00.00","1","0.0"
Running,2018-12-09 09:03:48,false,"Colwood Running","13.14","845","01:07:27","--","--","--","181","193","5:08","3:13","66","98","1.08","0.0","0.0","--","--","0.0","0.0","0.0","0:00","0.0","0:00","No","00:00.00","1","0.0"
Running,2018-12-07 16:56:20,false,"Saanich Running","1.58","94","00:10:15","--","--","--","179","185","6:30","5:14","--","--","0.86","0.0","0.0","--","--","0.0","0.0","0.0","0:00","0.0","0:00","No","00:00.00","1","0.0"
Running,2017-12-10 09:06:12,false,"Saanich West Running","14.98","940","01:19:46","--","--","--","184","195","5:20","4:35","61","61","1.02","0.0","0.0","--","--","0.0","0.0","0.0","0:00","0.0","0:00","No","00:00.00","1","0.0"
Running,2017-12-08 15:46:42,false,"Saanich South Running","9.99","619","00:48:55","--","--","--","183","197","4:54","3:23","5","2","1.21","0.0","0.0","--","--","0.0","0.0","0.0","0:00","0.0","0:00","No","00:00.00","7","0.0"
Running,2017-12-08 15:24:59,false,"Saanich East Running","3.27","191","00:18:31","--","--","--","173","249","5:40","2:20","10","17","1.29","0.0","0.0","--","--","0.0","0.0","0.0","0:00","0.0","0:00","No","00:00.00","10","0.0"
Running,2017-12-08 15:03:30,false,"Saanich East Running","4.02","256","00:17:32","--","--","--","181","189","4:21","3:43","--","--","1.27","0.0","0.0","--","--","0.0","0.0","0.0","0:00","0.0","0:00","No","00:00.00","1","0.0"
Running,2017-12-07 16:29:54,false,"Saanich Southeast Running","7.72","485","00:41:01","--","--","--","177","197","5:19","3:56","40","45","1.06","0.0","0.0","--","--","0.0","0.0","0.0","0:00","0.0","0:00","No","00:00.00","1","0.0"
Running,2017-12-05 16:52:42,false,"Saanich East Running","1.83","104","00:09:56.7","--","--","--","185","240","5:26","2:57","--","--","1.59","0.0","0.0","--","--","0.0","0.0","0.0","0:00","0.0","0:00","No","00:00.00","9","0.0"
Running,2017-12-05 16:02:44,false,"Saanich East Running","7.22","444","00:35:34","--","--","--","182","200","4:56","3:16","2","1","1.19","0.0","0.0","--","--","0.0","0.0","0.0","0:00","0.0","0:00","No","00:00.00","13","0.0"
Running,2017-12-05 15:32:12,false,"Saanich East Running","4.48","278","00:22:51","--","--","--","174","197","5:06","4:08","--","1","1.10","0.0","0.0","--","--","0.0","0.0","0.0","0:00","0.0","0:00","No","00:00.00","5","0.0"
Running,2017-12-03 09:06:57,false,"Saanich Central Running","16.89","1,043","01:24:48","--","--","--","182","197","5:01","3:39","142","142","1.09","0.0","0.0","--","--","0.0","0.0","0.0","0:00","0.0","0:00","No","00:00.00","6","0.0"
Running,2017-12-02 11:04:39,false,"Saanich East Running","4.35","276","00:22:26","--","--","--","176","186","5:09","4:08","5","--","1.09","0.0","0.0","--","--","0.0","0.0","0.0","0:00","0.0","0:00","No","00:00.00","1","0.0"
Running,2017-11-29 22:58:57,false,"Saanich East Running","12.61","784","01:02:34","--","--","--","179","246","4:58","2:51","25","30","1.17","0.0","0.0","--","--","0.0","0.0","0.0","0:00","0.0","0:00","No","00:00.00","17","0.0"
Running,2017-11-28 16:54:32,false,"Saanich East Running","3.61","215","00:18:52","--","--","--","177","227","5:14","2:53","6","7","1.14","0.0","0.0","--","--","0.0","0.0","0.0","0:00","0.0","0:00","No","00:00.00","11","0.0"
Running,2017-11-28 16:06:09,false,"Saanich East Running","6.90","429","00:30:48","--","--","--","181","200","4:28","3:17","1","1","1.25","0.0","0.0","--","--","0.0","0.0","0.0","0:00","0.0","0:00","No","00:00.00","12","0.0"
Running,2017-11-28 15:35:07,false,"Saanich East Running","4.75","297","00:23:28","--","--","--","179","190","4:56","4:04","--","1","1.13","0.0","0.0","--","--","0.0","0.0","0.0","0:00","0.0","0:00","No","00:00.00","5","0.0"
Running,2017-11-26 09:07:34,false,"Saanich Central Running","14.36","898","01:16:31","--","--","--","180","193","5:20","4:00","122","122","1.04","0.0","0.0","--","--","0.0","0.0","0.0","0:00","0.0","0:00","No","00:00.00","1","0.0"
Running,2017-11-25 11:34:28,false,"Saanich East Running","3.37","226","00:24:25","--","--","--","169","183","7:15","4:58","35","30","0.84","0.0","0.0","--","--","0.0","0.0","0.0","0:00","0.0","0:00","No","00:00.00","1","0.0"
Running,2017-11-24 16:13:49,false,"Saanich East Running","1.37","86","00:07:54.3","--","--","--","172","190","5:46","4:22","--","--","0.96","0.0","0.0","--","--","0.0","0.0","0.0","0:00","0.0","0:00","No","00:00.00","1","0.0"
Running,2017-11-24 15:46:17,false,"Saanich East Running","3.95","242","00:18:51","--","--","--","176","195","4:46","3:29","1","--","1.26","0.0","0.0","--","--","0.0","0.0","0.0","0:00","0.0","0:00","No","00:00.00","6","0.0"
Running,2017-11-24 15:34:43,false,"Saanich East Running","1.52","96","00:08:38.1","--","--","--","174","184","5:42","5:07","--","7","0.99","0.0","0.0","--","--","0.0","0.0","0.0","0:00","0.0","0:00","No","00:00.00","1","0.0"
Running,2017-11-24 15:26:45,false,"Saanich East Running","0.65","30","00:06:59.1","--","--","--","138","240","10:49","2:50","16","11","1.01","0.0","0.0","--","--","0.0","0.0","0.0","0:00","0.0","0:00","No","00:00.00","8","0.0"
Running,2017-11-24 14:53:55,false,"Running","3.61","228","00:19:13","--","--","--","179","193","5:19","4:14","--","--","1.05","0.0","0.0","--","--","0.0","0.0","0.0","0:00","0.0","0:00","No","00:00.00","3","0.0"
Running,2017-11-23 12:07:04,false,"Running","3.87","246","00:20:02","--","--","--","184","193","5:10","4:35","--","--","1.05","0.0","0.0","--","--","0.0","0.0","0.0","0:00","0.0","0:00","No","00:00.00","1","0.0"
Running,2017-11-22 13:56:11,false,"Running","3.83","244","00:19:42","--","--","--","184","190","5:09","4:32","--","--","1.06","0.0","0.0","--","--","0.0","0.0","0.0","0:00","0.0","0:00","No","00:00.00","1","0.0"
Running,2017-11-19 09:06:20,false,"Running","9.77","621","00:50:18","--","--","--","180","191","5:09","4:04","--","--","1.07","0.0","0.0","--","--","0.0","0.0","0.0","0:00","0.0","0:00","No","00:00.00","1","0.0"
Running,2017-11-12 12:06:05,false,"Victoria South Running","4.05","255","00:22:18","--","--","--","178","190","5:30","4:33","--","--","1.05","0.0","0.0","--","--","0.0","0.0","0.0","0:00","0.0","0:00","No","00:00.00","1","0.0"
Running,2017-11-11 14:32:20,false,"Running","4.30","273","00:22:54","--","--","--","178","189","5:19","4:35","--","--","1.05","0.0","0.0","--","--","0.0","0.0","0.0","0:00","0.0","0:00","No","00:00.00","1","0.0"
Running,2017-11-10 15:46:14,false,"Victoria South Running","3.43","214","00:15:58","--","--","--","180","197","4:39","3:21","--","--","1.20","0.0","0.0","--","--","0.0","0.0","0.0","0:00","0.0","0:00","No","00:00.00","8","0.0"
Running,2017-11-10 15:06:47,false,"Victoria South Running","4.25","264","00:21:52","--","--","--","181","197","5:09","3:43","12","12","1.07","0.0","0.0","--","--","0.0","0.0","0.0","0:00","0.0","0:00","No","00:00.00","5","0.0"
Running,2017-11-07 15:31:15,false,"Saanich East Running","3.94","253","00:20:03","--","--","--","182","195","5:05","3:39","--","--","1.09","0.0","0.0","--","--","0.0","0.0","0.0","0:00","0.0","0:00","No","00:00.00","4","0.0"
Running,2017-11-04 15:16:24,false,"Saanich Central Running","11.47","723","01:00:01","--","--","--","181","193","5:14","3:50","4","21","1.06","0.0","0.0","--","--","0.0","0.0","0.0","0:00","0.0","0:00","No","00:00.00","1","0.0"
Running,2017-11-03 16:43:43,false,"Victoria South Running","0.81","54","00:05:58.5","--","--","--","172","185","7:25","5:55","--","--","0.78","0.0","0.0","--","--","0.0","0.0","0.0","0:00","0.0","0:00","No","00:00.00","1","0.0"
Running,2017-11-03 15:50:05,false,"Victoria South Running","7.31","452","00:32:20","--","--","--","184","238","4:26","2:42","2","2","1.34","0.0","0.0","--","--","0.0","0.0","0.0","0:00","0.0","0:00","No","00:00.00","8","0.0"
Running,2017-10-31 16:59:05,false,"Saanich Southeast Running","3.50","218","00:18:11","--","--","--","182","191","5:12","4:48","2","--","1.06","0.0","0.0","--","--","0.0","0.0","0.0","0:00","0.0","0:00","No","00:00.00","1","0.0"
Running,2017-10-31 16:15:53,false,"Saanich Southeast Running","8.74","542","00:37:43","--","--","--","186","201","4:19","3:32","2","1","1.34","0.0","0.0","--","--","0.0","0.0","0.0","0:00","0.0","0:00","No","00:00.00","6","0.0"
Running,2017-10-31 15:37:11,false,"Saanich Southeast Running","4.12","256","00:21:38","--","--","--","180","191","5:15","3:58","--","--","1.06","0.0","0.0","--","--","0.0","0.0","0.0","0:00","0.0","0:00","No","00:00.00","5","0.0"
Running,2017-10-29 09:10:08,false,"Saanich Central Running","10.54","665","01:00:17","--","--","--","176","189","5:43","4:15","26","26","0.99","0.0","0.0","--","--","0.0","0.0","0.0","0:00","0.0","0:00","No","00:00.00","1","0.0"
Running,2017-10-28 13:39:15,false,"Abbotsford Southwest Running","1.82","115","00:10:55","--","--","--","173","208","6:01","5:29","3","1","0.96","0.0","0.0","--","--","0.0","0.0","0.0","0:00","0.0","0:00","No","00:00.00","1","0.0"
Running,2017-10-28 12:52:46,false,"Abbotsford Southwest Running","1.17","70","00:19:51","--","--","--","155","179","17:00","5:34","--","--","0.84","0.0","0.0","--","--","0.0","0.0","0.0","0:00","0.0","0:00","No","00:00.00","1","0.0"
Running,2017-10-28 12:14:37,false,"Abbotsford Southwest Running","5.65","348","00:20:58","--","--","--","186","209","3:43","2:45","16","14","1.45","0.0","0.0","--","--","0.0","0.0","0.0","0:00","0.0","0:00","No","00:00.00","6","0.0"
Running,2017-10-28 11:19:21,false,"Abbotsford Southwest Running","4.31","267","00:22:44","--","--","--","173","187","5:17","3:39","9","8","1.10","0.0","0.0","--","--","0.0","0.0","0.0","0:00","0.0","0:00","No","00:00.00","5","0.0"
Running,2017-10-27 16:34:28,false,"Abbotsford Southwest Running","4.00","249","00:20:10","--","--","--","176","189","5:03","3:58","5","6","1.14","0.0","0.0","--","--","0.0","0.0","0.0","0:00","0.0","0:00","No","00:00.00","5","0.0"
Running,2017-10-24 16:54:45,false,"Saanich East Running","2.78","176","00:16:09","--","--","--","177","187","5:48","5:14","1","--","0.97","0.0","0.0","--","--","0.0","0.0","0.0","0:00","0.0","0:00","No","00:00.00","1","0.0"
Running,2017-10-24 16:24:05,false,"Saanich East Running","4.31","266","00:18:42","--","--","--","188","204","4:20","2:51","1","1","1.46","0.0","0.0","--","--","0.0","0.0","0.0","0:00","0.0","0:00","No","00:00.00","6","0.0"
Running,2017-10-24 15:30:36,false,"Saanich East Running","4.32","271","00:22:17","--","--","--","178","189","5:09","3:53","--","1","1.08","0.0","0.0","--","--","0.0","0.0","0.0","0:00","0.0","0:00","No","00:00.00","5","0.0"
Running,2017-10-22 09:06:56,false,"Saanich Central Running","15.63","964","01:21:46","--","--","--","181","197","5:14","3:56","29","29","1.05","0.0","0.0","--","--","0.0","0.0","0.0","0:00","0.0","0:00","No","00:00.00","3","0.0"
Running,2017-10-21 09:07:18,false,"Saanich East Running","3.97","251","00:22:15","--","--","--","181","189","5:37","4:21","43","44","0.98","0.0","0.0","--","--","0.0","0.0","0.0","0:00","0.0","0:00","No","00:00.00","1","0.0"
Running,2017-10-20 16:39:58,false,"Victoria South Running","3.50","206","00:19:55","142","157","2.8","177","192","5:42","5:13","14","12","0.99","9.8","9.7","229","49.6% L / 50.4% R","0.0","0.0","0.0","0:00","0.0","0:00","No","00:00.00","1","0.0"
Running,2017-10-20 15:57:08,false,"Victoria South Running","7.84","417","00:40:25","162","183","4.2","178","256","5:09","3:00","5","4","1.38","6.7","9.1","233","49.2% L / 50.8% R","0.0","0.0","0.0","0:00","0.0","0:00","No","00:00.00","8","0.0"
Running,2017-10-20 15:18:36,false,"Victoria South Running","4.10","209","00:21:01","143","170","3.0","177","198","5:08","3:46","7","--","1.12","8.8","9.8","233","49.8% L / 50.2% R","0.0","0.0","0.0","0:00","0.0","0:00","No","00:00.00","5","0.0"
Running,2017-10-19 17:05:38,false,"Saanich Southeast Running","9.98","619","00:52:19","--","--","--","176","236","5:14","3:04","85","76","1.07","0.0","0.0","--","--","0.0","0.0","0.0","0:00","0.0","0:00","No","00:00.00","1","0.0"
Other,2017-10-18 13:41:36,false,"Other","0.00","--","00:35:01","--","--","--","--","--","--","--","--","--","0.00","0.0","0.0","--","--","0.0","0.0","0.0","0:00","0.0","0:00","No","00:00.00","1","0.0"
Running,2017-10-17 17:02:52,false,"Saanich Southeast Running","3.39","193","00:17:57","152","164","3.1","180","194","5:18","4:44","3","--","1.05","9.1","9.4","236","48.6% L / 51.4% R","0.0","0.0","0.0","0:00","0.0","0:00","No","00:00.00","1","0.0"
Running,2017-10-17 16:17:43,false,"Saanich Southeast Running","8.63","451","00:36:05","177","185","5.0","185","223","4:11","3:05","8","7","1.31","7.4","9.8","210","49.4% L / 50.6% R","0.0","0.0","0.0","0:00","0.0","0:00","No","00:00.00","5","0.0"
Running,2017-10-17 15:38:03,false,"Saanich Southeast Running","4.13","216","00:21:28","147","173","3.1","180","215","5:12","3:59","--","--","1.08","8.8","9.3","235","49.5% L / 50.5% R","0.0","0.0","0.0","0:00","0.0","0:00","No","00:00.00","5","0.0"
Running,2017-10-15 09:06:03,false,"Saanich Central Running","12.24","768","01:04:22","--","--","--","183","191","5:16","3:46","23","23","1.04","0.0","0.0","--","--","0.0","0.0","0.0","0:00","0.0","0:00","No","00:00.00","1","0.0"
Running,2017-10-14 12:00:27,false,"Victoria South Running","8.25","515","00:31:19","--","--","--","187","221","3:48","2:50","--","--","1.42","0.0","0.0","--","--","0.0","0.0","0.0","0:00","0.0","0:00","No","00:00.00","1","0.0"
Running,2017-10-14 11:09:43,false,"Victoria South Running","2.92","180","00:15:16","--","--","--","182","193","5:13","3:35","12","5","1.06","0.0","0.0","--","--","0.0","0.0","0.0","0:00","0.0","0:00","No","00:00.00","4","0.0"
Running,2017-10-13 15:15:57,false,"Victoria South Running","4.12","255","00:22:15","--","--","--","176","191","5:24","3:43","3","--","1.11","0.0","0.0","--","--","0.0","0.0","0.0","0:00","0.0","0:00","No","00:00.00","5","0.0"
Running,2017-10-12 11:43:39,false,"Saanich East Running","7.09","437","00:36:49","--","--","--","187","200","5:12","3:46","41","41","1.04","0.0","0.0","--","--","0.0","0.0","0.0","0:00","0.0","0:00","No","00:00.00","3","0.0"
Running,2017-10-11 13:21:33,false,"Running","3.99","256","00:19:33","--","--","--","186","193","4:54","4:10","--","--","1.10","0.0","0.0","--","--","0.0","0.0","0.0","0:00","0.0","0:00","No","00:00.00","1","0.0"
Running,2017-10-08 08:47:58,false,"Saanich Central Running","13.25","832","01:10:07","--","--","--","180","191","5:17","4:03","38","38","1.05","0.0","0.0","--","--","0.0","0.0","0.0","0:00","0.0","0:00","No","00:00.00","3","0.0"
Running,2017-10-07 17:27:37,false,"Saanich East Running","5.38","339","00:30:19","--","--","--","179","191","5:38","4:31","51","51","0.98","0.0","0.0","--","--","0.0","0.0","0.0","0:00","0.0","0:00","No","00:00.00","1","0.0"
Running,2017-10-06 16:56:52,false,"Victoria South Running","3.94","248","00:22:06","--","--","--","181","191","5:37","4:59","12","8","0.98","0.0","0.0","--","--","0.0","0.0","0.0","0:00","0.0","0:00","No","00:00.00","1","0.0"
Running,2017-10-06 16:03:16,false,"Victoria South Running","9.08","559","00:44:47","--","--","--","179","227","4:56","3:06","2","3","1.36","0.0","0.0","--","--","0.0","0.0","0.0","0:00","0.0","0:00","No","00:00.00","10","0.0"
Running,2017-10-06 15:14:20,false,"Victoria South Running","4.00","245","00:20:45","--","--","--","179","191","5:11","3:36","13","8","1.09","0.0","0.0","--","--","0.0","0.0","0.0","0:00","0.0","0:00","No","00:00.00","5","0.0"
Running,2017-10-05 17:40:40,false,"Saanich Southeast Running","9.56","602","00:51:12","--","--","--","178","188","5:21","4:17","53","54","1.05","0.0","0.0","--","--","0.0","0.0","0.0","0:00","0.0","0:00","No","00:00.00","1","0.0"
Running,2017-10-04 13:33:04,false,"Saanich East Running","5.41","346","00:30:45","--","--","--","181","189","5:41","4:27","44","47","0.98","0.0","0.0","--","--","0.0","0.0","0.0","0:00","0.0","0:00","No","00:00.00","1","0.0"
Running,2017-10-03 17:04:35,false,"Saanich East Running","3.52","221","00:19:46","--","--","--","181","191","5:37","4:29","--","--","0.98","0.0","0.0","--","--","0.0","0.0","0.0","0:00","0.0","0:00","No","00:00.00","1","0.0"
Running,2017-07-08 11:31:18,false,"Thunder Bay North Central Running","2.34","136","00:11:56","153","164","2.9","186","199","5:06","4:43","18","4","1.06","8.8","9.3","202","45.9% L / 54.1% R","0.0","0.0","0.0","0:00","0.0","0:00","No","00:00.00","--","0.0"
Running,2017-07-08 10:29:07,false,"Thunder Bay North Central Running","9.18","455","00:44:28","147","179","3.5","188","248","4:51","3:30","89","97","1.12","8.3","9.1","194","47.0% L / 53.0% R","0.0","0.0","0.0","0:00","0.0","0:00","No","00:00.00","--","0.0"
Running,2017-07-07 14:26:26,false,"Dryden Running","5.40","336","00:28:43","--","--","--","182","190","5:19","4:44","42","38","1.04","0.0","0.0","--","--","0.0","0.0","0.0","0:00","0.0","0:00","No","00:00.00","--","0.0"
Running,2017-07-06 16:54:05,false,"Dryden Running","2.75","172","00:15:17","--","--","--","181","188","5:33","5:11","14","22","1.00","0.0","0.0","--","--","0.0","0.0","0.0","0:00","0.0","0:00","No","00:00.00","--","0.0"
Running,2017-07-06 16:07:46,false,"Dryden Running","4.70","277","00:28:58","--","--","--","178","236","6:10","3:09","3","3","1.26","0.0","0.0","--","--","0.0","0.0","0.0","0:00","0.0","0:00","No","00:00.00","--","0.0"
Running,2017-07-06 16:03:02,false,"Dryden Running","0.33","18","00:03:55.8","--","--","--","140","195","11:46","3:26","--","--","0.91","0.0","0.0","--","--","0.0","0.0","0.0","0:00","0.0","0:00","No","00:00.00","--","0.0"
Running,2017-07-06 15:24:55,false,"Dryden Running","3.88","247","00:19:17","--","--","--","185","194","4:58","4:21","26","20","1.10","0.0","0.0","--","--","0.0","0.0","0.0","0:00","0.0","0:00","No","00:00.00","--","0.0"
Running,2017-07-05 16:02:58,false,"Dryden Running","5.35","288","00:25:46","154","173","3.6","187","215","4:49","4:21","38","31","1.11","8.1","9.1","198","47.5% L / 52.5% R","0.0","0.0","0.0","0:00","0.0","0:00","No","00:00.00","--","0.0"
Running,2017-07-04 18:16:48,false,"Dryden Running","2.86","179","00:15:03","--","--","--","182","190","5:16","4:54","20","30","1.05","0.0","0.0","--","--","0.0","0.0","0.0","0:00","0.0","0:00","No","00:00.00","--","0.0"
Running,2017-07-04 17:52:01,false,"Dryden Running","3.10","171","00:24:15","--","--","--","160","208","7:49","2:40","--","--","1.46","0.0","0.0","--","--","0.0","0.0","0.0","0:00","0.0","0:00","No","00:00.00","--","0.0"
Running,2017-07-04 17:07:16,false,"Dryden Running","3.94","246","00:17:48","--","--","--","187","195","4:31","3:48","27","20","1.18","0.0","0.0","--","--","0.0","0.0","0.0","0:00","0.0","0:00","No","00:00.00","--","0.0"
Running,2017-07-02 10:23:48,false,"Dryden Running","9.61","608","00:49:01","--","--","--","185","195","5:06","3:45","66","68","1.06","0.0","0.0","--","--","0.0","0.0","0.0","0:00","0.0","0:00","No","00:00.00","--","0.0"
Running,2017-07-01 12:17:55,false,"Dryden Running","1.81","110","00:10:43","144","163","2.3","178","195","5:56","5:24","16","18","0.96","9.5","8.8","219","44.8% L / 55.2% R","0.0","0.0","0.0","0:00","0.0","0:00","No","00:00.00","--","0.0"
Running,2017-07-01 11:19:30,false,"Dryden Running","5.53","346","00:42:00","148","184","3.7","160","256","7:36","2:52","2","3","1.15","5.6","6.0","318","47.5% L / 52.5% R","0.0","0.0","0.0","0:00","0.0","0:00","No","00:00.00","--","0.0"
Running,2017-07-01 10:18:27,false,"Dryden Running","3.92","207","00:19:19","151","169","3.2","186","195","4:55","4:31","25","19","1.10","8.6","9.4","216","48.3% L / 51.8% R","0.0","0.0","0.0","0:00","0.0","0:00","No","00:00.00","--","0.0"
Running,2017-06-29 16:56:50,false,"Dryden Running","10.37","563","00:50:26","161","184","4.8","187","210","4:52","3:16","55","56","1.09","8.2","8.9","214","48.2% L / 51.8% R","0.0","0.0","0.0","0:00","0.0","0:00","No","00:00.00","--","0.0"
Running,2017-06-28 17:28:39,false,"Dryden Running","5.89","370","00:30:28","--","--","--","185","193","5:10","4:35","35","35","1.05","0.0","0.0","--","--","0.0","0.0","0.0","0:00","0.0","0:00","No","00:00.00","--","0.0"
Running,2017-06-27 16:18:46,false,"Dryden Running","2.04","129","00:10:16","--","--","--","184","192","5:02","4:13","15","29","1.08","0.0","0.0","--","--","0.0","0.0","0.0","0:00","0.0","0:00","No","00:00.00","--","0.0"
Running,2017-06-27 16:05:34,false,"Dryden Running","1.89","109","00:12:14","--","--","--","151","206","6:28","2:55","2","2","1.13","0.0","0.0","--","--","0.0","0.0","0.0","0:00","0.0","0:00","No","00:00.00","--","0.0"
Running,2017-06-27 15:30:21,false,"Dryden Running","6.12","382","00:29:22","--","--","--","184","195","4:48","3:53","21","17","1.14","0.0","0.0","--","--","0.0","0.0","0.0","0:00","0.0","0:00","No","00:00.00","--","0.0"
Running,2017-06-25 15:09:11,false,"Dryden Running","8.02","504","00:40:05","--","--","--","189","197","5:00","4:09","57","61","1.06","0.0","0.0","--","--","0.0","0.0","0.0","0:00","0.0","0:00","No","00:00.00","--","0.0"
Running,2017-06-24 12:31:59,false,"Winnipeg (Fort Garry NE / University of Manitoba) Running","2.86","180","00:15:10","--","--","--","184","192","5:18","4:35","--","--","1.02","0.0","0.0","--","--","0.0","0.0","0.0","0:00","0.0","0:00","No","00:00.00","--","0.0"
Running,2017-06-23 09:05:28,false,"Dryden Running","3.91","235","00:19:52","--","--","--","187","194","5:05","4:44","--","--","1.06","0.0","0.0","--","--","0.0","0.0","0.0","0:00","0.0","0:00","No","00:00.00","--","0.0"
Running,2017-06-22 17:11:53,false,"Dryden Running","3.95","249","00:20:00","--","--","--","184","190","5:04","4:33","--","22","1.07","0.0","0.0","--","--","0.0","0.0","0.0","0:00","0.0","0:00","No","00:00.00","--","0.0"
Running,2017-06-21 16:10:28,false,"Dryden Running","2.99","189","00:15:20","--","--","--","185","190","5:08","4:46","18","25","1.06","0.0","0.0","--","--","0.0","0.0","0.0","0:00","0.0","0:00","No","00:00.00","--","0.0"
Running,2017-06-21 15:51:05,false,"Dryden Running","2.09","115","00:14:10","--","--","--","157","238","6:46","2:53","2","1","1.25","0.0","0.0","--","--","0.0","0.0","0.0","0:00","0.0","0:00","No","00:00.00","--","0.0"
Running,2017-06-21 15:18:14,false,"Running","2.95","187","00:14:57","--","--","--","185","191","5:05","4:33","--","--","1.08","0.0","0.0","--","--","0.0","0.0","0.0","0:00","0.0","0:00","No","00:00.00","--","0.0"
Running,2017-06-20 17:08:18,false,"Dryden Running","3.01","182","00:14:54","--","--","--","184","190","4:57","4:43","17","27","1.11","0.0","0.0","--","--","0.0","0.0","0.0","0:00","0.0","0:00","No","00:00.00","--","0.0"
Running,2017-06-20 16:20:36,false,"Dryden Running","3.01","191","00:14:43","--","--","--","184","190","4:53","4:18","20","11","1.11","0.0","0.0","--","--","0.0","0.0","0.0","0:00","0.0","0:00","No","00:00.00","--","0.0"
Running,2017-06-18 15:38:00,false,"Dryden Running","8.09","507","00:42:37","--","--","--","187","197","5:16","4:25","41","44","1.04","0.0","0.0","--","--","0.0","0.0","0.0","0:00","0.0","0:00","No","00:00.00","--","0.0"
Running,2017-06-17 13:10:46,false,"Dryden Running","2.36","140","00:12:13","--","--","--","184","205","5:11","3:07","--","1","1.33","0.0","0.0","--","--","0.0","0.0","0.0","0:00","0.0","0:00","No","00:00.00","--","0.0"
Running,2017-06-17 12:45:43,false,"Dryden Running","0.21","13","00:00:46.2","--","--","--","200","204","3:41","3:16","--","--","1.43","0.0","0.0","--","--","0.0","0.0","0.0","0:00","0.0","0:00","No","00:00.00","--","0.0"
Running,2017-06-17 12:01:29,false,"Dryden Running","3.88","248","00:19:20","--","--","--","190","197","4:59","4:22","20","12","1.05","0.0","0.0","--","--","0.0","0.0","0.0","0:00","0.0","0:00","No","00:00.00","--","0.0"
Running,2017-06-16 17:56:40,false,"Dryden Running","2.85","180","00:14:24","--","--","--","187","193","5:03","4:33","16","23","1.05","0.0","0.0","--","--","0.0","0.0","0.0","0:00","0.0","0:00","No","00:00.00","--","0.0"
Running,2017-06-16 17:18:43,false,"Dryden Running","3.02","190","00:15:16","--","--","--","187","195","5:03","4:08","28","18","1.05","0.0","0.0","--","--","0.0","0.0","0.0","0:00","0.0","0:00","No","00:00.00","--","0.0"
Running,2017-06-15 17:29:57,false,"Dryden Running","5.71","341","00:30:58","--","--","--","175","200","5:25","3:51","60","23","1.07","0.0","0.0","--","--","0.0","0.0","0.0","0:00","0.0","0:00","No","00:00.00","--","0.0"
Running,2017-06-15 17:07:25,false,"Dryden Running","3.03","190","00:15:18","--","--","--","188","206","5:03","3:59","14","51","1.05","0.0","0.0","--","--","0.0","0.0","0.0","0:00","0.0","0:00","No","00:00.00","--","0.0"
Running,2017-06-14 16:14:04,false,"Dryden Running","2.64","166","00:14:22","--","--","--","185","193","5:27","4:50","2","--","0.99","0.0","0.0","--","--","0.0","0.0","0.0","0:00","0.0","0:00","No","00:00.00","--","0.0"
Running,2017-06-13 19:23:17,false,"Dryden Running","2.17","136","00:12:46","--","--","--","184","197","5:53","5:00","17","26","0.92","0.0","0.0","--","--","0.0","0.0","0.0","0:00","0.0","0:00","No","00:00.00","--","0.0"
Running,2017-06-13 18:37:08,false,"Dryden Running","5.73","351","00:42:11","--","--","--","176","202","7:21","3:09","2","4","1.38","0.0","0.0","--","--","0.0","0.0","0.0","0:00","0.0","0:00","No","00:00.00","--","0.0"
Running,2017-06-13 17:45:17,false,"Dryden Running","4.28","275","00:20:02","--","--","--","187","193","4:41","3:59","--","--","1.13","0.0","0.0","--","--","0.0","0.0","0.0","0:00","0.0","0:00","No","00:00.00","--","0.0"
Running,2017-06-11 13:23:39,false,"Dryden Running","1.46","86","00:09:20.1","--","--","--","176","201","6:24","3:08","--","--","1.44","0.0","0.0","--","--","0.0","0.0","0.0","0:00","0.0","0:00","No","00:00.00","--","0.0"
Running,2017-06-11 12:46:38,false,"Dryden Running","4.40","276","00:20:07","--","--","--","187","200","4:34","3:22","13","4","1.17","0.0","0.0","--","--","0.0","0.0","0.0","0:00","0.0","0:00","No","00:00.00","--","0.0"
Running,2017-06-10 17:45:25,false,"Dryden Running","5.29","323","00:22:59","--","--","--","186","193","4:21","3:36","1","--","1.24","0.0","0.0","--","--","0.0","0.0","0.0","0:00","0.0","0:00","No","00:00.00","--","0.0"
Running,2017-06-09 12:48:05,false,"Dryden Running","3.73","232","00:19:37","--","--","--","180","188","5:15","4:35","19","21","1.07","0.0","0.0","--","--","0.0","0.0","0.0","0:00","0.0","0:00","No","00:00.00","--","0.0"
Running,2017-05-31 18:38:57,false,"Dryden Running","2.94","186","00:15:18","--","--","--","183","191","5:12","4:47","18","26","1.05","0.0","0.0","--","--","0.0","0.0","0.0","0:00","0.0","0:00","No","00:00.00","--","0.0"
Running,2017-05-31 18:02:03,false,"Dryden Running","4.69","279","00:28:21","--","--","--","175","201","6:02","2:58","3","4","1.56","0.0","0.0","--","--","0.0","0.0","0.0","0:00","0.0","0:00","No","00:00.00","--","0.0"
Running,2017-05-31 17:19:15,false,"Dryden Running","4.33","272","00:20:02","--","--","--","181","187","4:38","4:03","28","21","1.20","0.0","0.0","--","--","0.0","0.0","0.0","0:00","0.0","0:00","No","00:00.00","--","0.0"
Running,2017-05-29 16:11:54,false,"Dryden Running","5.46","338","00:31:07","--","--","--","169","182","5:42","3:56","22","24","2.66","0.0","0.0","--","--","0.0","0.0","0.0","0:00","0.0","0:00","No","00:00.00","--","0.0"
Running,2017-05-27 10:47:20,false,"Georgetown Running","7.37","448","00:38:21","--","--","--","175","201","5:12","4:02","41","39","1.10","0.0","0.0","--","--","0.0","0.0","0.0","0:00","0.0","0:00","No","00:00.00","--","0.0"
Running,2017-05-26 11:13:09,false,"Georgetown Running","6.97","435","00:34:12","--","--","--","178","197","4:54","3:57","37","18","1.15","0.0","0.0","--","--","0.0","0.0","0.0","0:00","0.0","0:00","No","00:00.00","--","0.0"
Running,2017-05-24 07:55:05,false,"Dryden Running","4.11","262","00:21:27","--","--","--","175","185","5:13","4:47","18","23","1.09","0.0","0.0","--","--","0.0","0.0","0.0","0:00","0.0","0:00","No","00:00.00","--","0.0"
Running,2017-05-20 09:44:15,false,"Dryden Running","1.56","97","00:08:49.8","--","--","--","172","177","5:39","5:26","--","1","1.01","0.0","0.0","--","--","0.0","0.0","0.0","0:00","0.0","0:00","No","00:00.00","--","0.0"
Running,2017-05-20 09:15:03,false,"Dryden Running","4.65","282","00:25:04","--","--","--","173","200","5:23","3:04","1","3","1.41","0.0","0.0","--","--","0.0","0.0","0.0","0:00","0.0","0:00","No","00:00.00","--","0.0"
Running,2017-05-20 08:30:59,false,"Running","3.84","242","00:20:01","--","--","--","180","189","5:13","4:57","--","--","1.05","0.0","0.0","--","--","0.0","0.0","0.0","0:00","0.0","0:00","No","00:00.00","--","0.0"
Running,2017-05-19 17:13:24,false,"Dryden Running","3.87","240","00:20:01","--","--","--","178","187","5:10","3:26","20","16","1.10","0.0","0.0","--","--","0.0","0.0","0.0","0:00","0.0","0:00","No","00:00.00","--","0.0"
Running,2017-05-17 17:02:01,false,"Dryden Running","5.98","380","00:30:18","--","--","--","183","189","5:04","4:23","16","19","1.08","0.0","0.0","--","--","0.0","0.0","0.0","0:00","0.0","0:00","No","00:00.00","--","0.0"
Running,2017-05-14 09:20:44,false,"Dryden Running","5.75","360","00:29:57","--","--","--","183","219","5:12","4:18","76","41","1.06","0.0","0.0","--","--","0.0","0.0","0.0","0:00","0.0","0:00","No","00:00.00","--","0.0"
Running,2017-05-13 15:24:50,false,"Dryden Running","2.86","178","00:15:53","--","--","--","177","187","5:33","5:04","17","25","1.02","0.0","0.0","--","--","0.0","0.0","0.0","0:00","0.0","0:00","No","00:00.00","--","0.0"
Running,2017-05-13 14:48:31,false,"Dryden Running","4.25","254","00:22:45","--","--","--","175","200","5:21","2:54","--","1","1.45","0.0","0.0","--","--","0.0","0.0","0.0","0:00","0.0","0:00","No","00:00.00","--","0.0"
Running,2017-05-13 13:46:42,false,"Dryden Running","3.88","243","00:19:51","--","--","--","178","185","5:07","4:46","20","10","1.10","0.0","0.0","--","--","0.0","0.0","0.0","0:00","0.0","0:00","No","00:00.00","--","0.0"
Running,2017-05-12 16:17:04,false,"Dryden Running","5.34","336","00:27:01","--","--","--","182","189","5:03","4:37","43","39","1.09","0.0","0.0","--","--","0.0","0.0","0.0","0:00","0.0","0:00","No","00:00.00","--","0.0"
Running,2017-05-11 16:17:59,false,"Dryden Running","12.74","811","00:59:33","--","--","--","184","191","4:41","4:19","68","68","1.16","0.0","0.0","--","--","0.0","0.0","0.0","0:00","0.0","0:00","No","00:00.00","--","0.0"
Running,2017-05-09 15:27:47,false,"Dryden Running","8.01","510","00:37:46","--","--","--","183","191","4:43","3:55","53","59","1.15","0.0","0.0","--","--","0.0","0.0","0.0","0:00","0.0","0:00","No","00:00.00","--","0.0"
Running,2017-05-07 12:48:08,false,"Dryden Running","6.46","409","00:39:30","--","--","--","171","236","6:07","4:12","61","60","0.97","0.0","0.0","--","--","0.0","0.0","0.0","0:00","0.0","0:00","No","00:00.00","--","0.0"
Running,2017-05-06 13:50:10,false,"Dryden Running","4.09","241","00:20:06","--","--","--","179","200","4:55","3:00","--","--","1.43","0.0","0.0","--","--","0.0","0.0","0.0","0:00","0.0","0:00","No","00:00.00","--","0.0"
Running,2017-05-06 12:42:57,false,"Dryden Running","4.86","307","00:24:25","--","--","--","184","191","5:02","4:45","24","24","1.08","0.0","0.0","--","--","0.0","0.0","0.0","0:00","0.0","0:00","No","00:00.00","--","0.0"
Running,2017-05-05 17:03:32,false,"Dryden Running","8.07","498","00:40:00","--","--","--","183","236","4:57","3:59","27","28","1.12","0.0","0.0","--","--","0.0","0.0","0.0","0:00","0.0","0:00","No","00:00.00","--","0.0"
Running,2017-05-04 16:51:55,false,"Dryden Running","8.17","496","00:39:32","--","--","--","184","201","4:50","3:19","75","41","1.19","0.0","0.0","--","--","0.0","0.0","0.0","0:00","0.0","0:00","No","00:00.00","--","0.0"
Running,2017-05-04 16:26:25,false,"Dryden Running","3.88","244","00:20:04","--","--","--","184","191","5:11","4:33","30","57","1.05","0.0","0.0","--","--","0.0","0.0","0.0","0:00","0.0","0:00","No","00:00.00","--","0.0"
Running,2017-05-03 17:06:48,false,"Dryden Running","3.00","187","00:15:49","--","--","--","178","187","5:16","4:50","17","25","1.07","0.0","0.0","--","--","0.0","0.0","0.0","0:00","0.0","0:00","No","00:00.00","--","0.0"
Running,2017-05-03 16:13:54,false,"Dryden Running","5.18","327","00:26:05","--","--","--","184","191","5:02","4:35","40","34","1.08","0.0","0.0","--","--","0.0","0.0","0.0","0:00","0.0","0:00","No","00:00.00","--","0.0"
Running,2017-05-02 17:48:14,false,"Dryden Running","2.02","127","00:09:57.7","--","--","--","183","189","4:56","4:34","1","--","1.10","0.0","0.0","--","--","0.0","0.0","0.0","0:00","0.0","0:00","No","00:00.00","--","0.0"
Running,2017-05-02 17:17:31,false,"Dryden Running","3.84","217","00:25:33","--","--","--","177","204","6:39","2:58","--","--","1.46","0.0","0.0","--","--","0.0","0.0","0.0","0:00","0.0","0:00","No","00:00.00","--","0.0"
Running,2017-05-02 16:33:41,false,"Dryden Running","4.40","279","00:21:16","--","--","--","183","190","4:50","4:17","19","19","1.13","0.0","0.0","--","--","0.0","0.0","0.0","0:00","0.0","0:00","No","00:00.00","--","0.0"
Running,2017-04-30 12:39:55,false,"Dryden Running","2.00","124","00:11:33","--","--","--","176","185","5:46","5:19","17","28","0.98","0.0","0.0","--","--","0.0","0.0","0.0","0:00","0.0","0:00","No","00:00.00","--","0.0"
Running,2017-04-30 12:12:08,false,"Dryden Running","3.57","215","00:16:41","--","--","--","181","199","4:41","3:17","--","--","1.31","0.0","0.0","--","--","0.0","0.0","0.0","0:00","0.0","0:00","No","00:00.00","--","0.0"
Running,2017-04-30 11:37:14,false,"Dryden Running","3.62","226","00:18:49","--","--","--","186","193","5:12","4:47","30","19","1.03","0.0","0.0","--","--","0.0","0.0","0.0","0:00","0.0","0:00","No","00:00.00","--","0.0"
Running,2017-04-29 11:18:38,false,"Dryden Running","16.64","1,051","01:18:46","--","--","--","186","195","4:44","3:58","137","144","1.14","0.0","0.0","--","--","0.0","0.0","0.0","0:00","0.0","0:00","No","00:00.00","--","0.0"
Treadmill Running,2017-04-28 14:17:22,false,"Treadmill Running","6.05","387","00:30:03","--","--","--","191","197","4:58","4:22","--","--","1.06","0.0","0.0","--","--","0.0","0.0","0.0","0:00","0.0","0:00","No","00:00.00","--","0.0"
Treadmill Running,2017-04-27 15:11:04,false,"Treadmill Running","8.28","519","00:39:38","--","--","--","192","211","4:47","3:18","--","--","1.16","0.0","0.0","--","--","0.0","0.0","0.0","0:00","0.0","0:00","No","00:00.00","--","0.0"
Running,2017-04-23 11:18:58,false,"Dryden Running","12.03","756","00:58:40","--","--","--","185","232","4:53","4:02","83","85","1.11","0.0","0.0","--","--","0.0","0.0","0.0","0:00","0.0","0:00","No","00:00.00","--","0.0"
Running,2017-04-22 11:50:38,false,"Dryden Running","1.36","86","00:08:36.0","--","--","--","171","179","6:20","5:54","--","--","0.92","0.0","0.0","--","--","0.0","0.0","0.0","0:00","0.0","0:00","No","00:00.00","--","0.0"
Running,2017-04-22 11:30:25,false,"Dryden Running","3.22","195","00:15:38","--","--","--","184","201","4:51","3:19","2","2","1.34","0.0","0.0","--","--","0.0","0.0","0.0","0:00","0.0","0:00","No","00:00.00","--","0.0"
Running,2017-04-22 10:53:49,false,"Dryden Running","4.84","298","00:22:19","--","--","--","185","196","4:37","3:30","24","24","1.18","0.0","0.0","--","--","0.0","0.0","0.0","0:00","0.0","0:00","No","00:00.00","--","0.0"
Running,2017-04-21 15:30:04,false,"Dryden Running","4.02","249","00:22:11","--","--","--","178","191","5:31","4:16","20","20","1.02","0.0","0.0","--","--","0.0","0.0","0.0","0:00","0.0","0:00","No","00:00.00","--","0.0"
Running,2017-04-21 13:51:01,false,"Dryden Running","6.47","394","00:38:59","--","--","--","168","202","6:02","2:47","21","22","1.00","0.0","0.0","--","--","0.0","0.0","0.0","0:00","0.0","0:00","No","00:00.00","--","0.0"
Running,2017-04-19 08:54:51,false,"Saanich Southeast Running","3.89","245","00:21:35","--","--","--","179","193","5:33","4:05","--","--","1.02","0.0","0.0","--","--","0.0","0.0","0.0","0:00","0.0","0:00","No","00:00.00","--","0.0"
Running,2017-04-18 17:22:56,false,"Saanich East Running","2.09","124","00:12:19","144","152","2.5","175","203","5:54","4:02","6","6","0.98","10.2","10.0","223","46.4% L / 53.6% R","0.0","0.0","0.0","0:00","0.0","0:00","No","00:00.00","--","0.0"
Running,2017-04-18 16:23:26,false,"Saanich East Running","4.18","234","00:23:17","158","182","3.5","168","256","5:34","2:53","--","--","0.55","5.7","7.2","255","48.9% L / 51.1% R","0.0","0.0","0.0","0:00","0.0","0:00","No","00:00.00","--","0.0"
Running,2017-04-18 15:34:15,false,"Saanich East Running","3.98","211","00:20:28","151","178","3.3","180","202","5:08","3:34","--","--","1.07","9.4","10.2","220","49.0% L / 51.0% R","0.0","0.0","0.0","0:00","0.0","0:00","No","00:00.00","--","0.0"
Running,2017-04-16 11:57:10,false,"Running","10.96","690","00:59:54","--","--","--","178","191","5:28","4:25","--","--","1.03","0.0","0.0","--","--","0.0","0.0","0.0","0:00","0.0","0:00","No","00:00.00","--","0.0"
Other,2017-04-15 10:08:51,false,"Saanich East Other","0.03","--","00:25:12","--","--","--","--","--","0.1","--","--","--","0.00","0.0","0.0","--","--","0.0","0.0","0.0","0:00","0.0","0:00","No","00:00.00","--","0.0"
Running,2017-04-15 09:34:49,false,"Saanich Southeast Running","4.03","248","00:20:29","--","--","--","183","191","5:05","4:12","28","30","1.08","0.0","0.0","--","--","0.0","0.0","0.0","0:00","0.0","0:00","No","00:00.00","--","0.0"
Running,2017-04-14 15:39:19,false,"Saanich East Running","3.95","244","00:21:31","--","--","--","180","191","5:27","4:30","42","43","1.02","0.0","0.0","--","--","0.0","0.0","0.0","0:00","0.0","0:00","No","00:00.00","--","0.0"
Running,2017-04-12 15:06:15,false,"Saanich East Running","1.79","115","00:10:58","--","--","--","173","183","6:08","5:21","--","--","0.92","0.0","0.0","--","--","0.0","0.0","0.0","0:00","0.0","0:00","No","00:00.00","--","0.0"
Running,2017-04-12 14:32:06,false,"Saanich East Running","2.39","130","00:18:17","--","--","--","158","204","7:39","2:49","--","--","1.43","0.0","0.0","--","--","0.0","0.0","0.0","0:00","0.0","0:00","No","00:00.00","--","0.0"
Running,2017-04-12 13:32:30,false,"Saanich East Running","6.19","378","00:30:31","--","--","--","179","193","4:56","3:13","61","61","1.16","0.0","0.0","--","--","0.0","0.0","0.0","0:00","0.0","0:00","No","00:00.00","--","0.0"
Running,2017-04-11 15:51:46,false,"Saanich East Running","5.47","340","00:29:33","--","--","--","178","191","5:24","4:25","44","47","1.04","0.0","0.0","--","--","0.0","0.0","0.0","0:00","0.0","0:00","No","00:00.00","--","0.0"
Running,2017-04-09 11:27:33,false,"Saanich East Running","16.85","1,042","01:30:01","--","--","--","181","191","5:21","4:23","94","94","1.03","0.0","0.0","--","--","0.0","0.0","0.0","0:00","0.0","0:00","No","00:00.00","--","0.0"
Running,2017-04-08 10:29:51,false,"Saanich East Running","3.81","201","00:20:05","154","179","3.2","161","233","5:16","2:55","--","--","0.91","5.4","6.8","219","49.6% L / 50.4% R","0.0","0.0","0.0","0:00","0.0","0:00","No","00:00.00","--","0.0"
Running,2017-04-08 09:33:50,false,"Running","4.33","232","00:22:30","150","178","3.3","180","197","5:12","4:02","--","--","1.07","9.1","9.9","226","49.5% L / 50.5% R","0.0","0.0","0.0","0:00","0.0","0:00","No","00:00.00","--","0.0"
Running,2017-04-07 15:22:10,false,"Saanich East Running","3.96","249","00:21:58","--","--","--","182","189","5:33","4:11","43","45","0.98","0.0","0.0","--","--","0.0","0.0","0.0","0:00","0.0","0:00","No","00:00.00","--","0.0"
Running,2017-04-06 16:53:58,false,"Saanich East Running","1.89","119","00:10:54","--","--","--","180","187","5:45","5:07","--","--","0.97","0.0","0.0","--","--","0.0","0.0","0.0","0:00","0.0","0:00","No","00:00.00","--","0.0"
Running,2017-04-06 16:06:05,false,"Saanich East Running","8.93","558","00:38:04","--","--","--","184","236","4:16","3:37","1","2","1.29","0.0","0.0","--","--","0.0","0.0","0.0","0:00","0.0","0:00","No","00:00.00","--","0.0"
Running,2017-04-06 15:47:23,false,"Saanich East Running","2.01","126","00:10:25","--","--","--","177","183","5:11","4:59","3","3","1.09","0.0","0.0","--","--","0.0","0.0","0.0","0:00","0.0","0:00","No","00:00.00","--","0.0"
Running,2017-04-06 15:37:53,false,"Saanich East Running","1.75","109","00:08:54.0","--","--","--","180","189","5:05","4:39","--","--","1.10","0.0","0.0","--","--","0.0","0.0","0.0","0:00","0.0","0:00","No","00:00.00","--","0.0"
Running,2017-04-05 13:47:42,false,"Saanich East Running","3.97","248","00:21:46","--","--","--","179","201","5:29","4:48","46","46","1.02","0.0","0.0","--","--","0.0","0.0","0.0","0:00","0.0","0:00","No","00:00.00","--","0.0"
Running,2017-04-04 17:08:20,false,"Saanich East Running","3.40","216","00:20:30","--","--","--","175","191","6:01","5:23","7","8","0.94","0.0","0.0","--","--","0.0","0.0","0.0","0:00","0.0","0:00","No","00:00.00","--","0.0"
Running,2017-04-04 16:18:22,false,"Saanich East Running","6.81","422","00:38:33","--","--","--","175","197","5:40","4:02","134","101","1.05","0.0","0.0","--","--","0.0","0.0","0.0","0:00","0.0","0:00","No","00:00.00","--","0.0"
Running,2017-04-04 15:34:11,false,"Saanich East Running","4.76","299","00:24:10","--","--","--","174","246","5:04","3:22","28","--","1.08","0.0","0.0","--","--","0.0","0.0","0.0","0:00","0.0","0:00","No","00:00.00","--","0.0"
Running,2017-04-01 11:17:26,false,"Saanich East Running","2.32","145","00:12:42","--","--","--","181","191","5:29","4:53","6","7","1.02","0.0","0.0","--","--","0.0","0.0","0.0","0:00","0.0","0:00","No","00:00.00","--","0.0"
Running,2017-04-01 10:29:51,false,"Saanich East Running","4.45","239","00:26:38","--","--","--","171","222","5:59","2:45","--","--","1.52","0.0","0.0","--","--","0.0","0.0","0.0","0:00","0.0","0:00","No","00:00.00","--","0.0"
Running,2017-04-01 09:40:39,false,"Saanich East Running","4.06","252","00:20:54","--","--","--","181","191","5:09","3:36","46","46","1.06","0.0","0.0","--","--","0.0","0.0","0.0","0:00","0.0","0:00","No","00:00.00","--","0.0"
Running,2017-03-31 15:39:07,false,"Saanich East Running","5.16","324","00:30:26","--","--","--","178","236","5:54","4:09","45","48","0.95","0.0","0.0","--","--","0.0","0.0","0.0","0:00","0.0","0:00","No","00:00.00","--","0.0"
Running,2017-03-31 13:12:21,false,"Running","3.25","205","00:17:13","--","--","--","182","189","5:17","4:44","--","--","1.05","0.0","0.0","--","--","0.0","0.0","0.0","0:00","0.0","0:00","No","00:00.00","--","0.0"
Running,2017-03-30 15:41:01,false,"Saanich East Running","12.30","759","01:00:11","--","--","--","179","195","4:54","3:33","21","21","1.16","0.0","0.0","--","--","0.0","0.0","0.0","0:00","0.0","0:00","No","00:00.00","--","0.0"
Running,2017-03-29 13:09:12,false,"Saanich Southeast Running","3.42","215","00:19:12","--","--","--","177","186","5:37","4:38","--","--","1.02","0.0","0.0","--","--","0.0","0.0","0.0","0:00","0.0","0:00","No","00:00.00","--","0.0"
Running,2017-03-28 17:07:24,false,"Saanich East Running","4.19","261","00:24:42","--","--","--","172","185","5:54","5:00","6","39","0.98","0.0","0.0","--","--","0.0","0.0","0.0","0:00","0.0","0:00","No","00:00.00","--","0.0"
Running,2017-03-28 16:21:23,false,"Saanich East Running","6.15","334","00:39:27","--","--","--","170","220","6:25","3:46","135","99","1.03","0.0","0.0","--","--","0.0","0.0","0.0","0:00","0.0","0:00","No","00:00.00","--","0.0"
Running,2017-03-28 15:36:37,false,"Running","4.59","288","00:23:48","--","--","--","176","197","5:11","3:57","--","--","1.10","0.0","0.0","--","--","0.0","0.0","0.0","0:00","0.0","0:00","No","00:00.00","--","0.0"
Running,2017-03-26 10:23:23,false,"Saanich East Running","11.01","683","00:58:15","--","--","--","181","241","5:17","4:18","93","94","1.04","0.0","0.0","--","--","0.0","0.0","0.0","0:00","0.0","0:00","No","00:00.00","--","0.0"
Running,2017-03-25 11:14:13,false,"Saanich East Running","3.46","203","00:19:53","148","160","3.1","177","187","5:45","4:57","26","26","0.99","9.9","9.7","234","48.9% L / 51.1% R","0.0","0.0","0.0","0:00","0.0","0:00","No","00:00.00","--","0.0"
Running,2017-03-25 10:49:12,false,"Saanich East Running","1.15","69","00:06:20.5","162","180","2.4","172","256","5:29","3:04","--","--","1.05","7.2","8.1","213","50.0% L / 50.0% R","0.0","0.0","0.0","0:00","0.0","0:00","No","00:00.00","--","0.0"
Running,2017-03-25 10:37:00,false,"Saanich East Running","2.11","103","00:08:15.0","175","183","3.2","186","196","3:54","3:36","6","6","1.39","7.9","10.5","202","50.0% L / 50.0% R","0.0","0.0","0.0","0:00","0.0","0:00","No","00:00.00","--","0.0"
Running,2017-03-25 10:28:33,false,"Saanich East Running","1.16","64","00:05:58.7","164","181","2.4","180","256","5:10","2:54","--","--","1.02","7.2","9.0","224","49.2% L / 50.8% R","0.0","0.0","0.0","0:00","0.0","0:00","No","00:00.00","--","0.0"
Running,2017-03-25 10:17:28,false,"Saanich East Running","2.16","95","00:08:01.5","173","185","3.0","187","201","3:43","3:25","6","7","1.45","7.2","10.3","198","50.6% L / 49.4% R","0.0","0.0","0.0","0:00","0.0","0:00","No","00:00.00","--","0.0"
Running,2017-03-25 09:34:43,false,"Saanich East Running","4.16","216","00:23:06","147","168","3.2","175","188","5:33","4:45","47","47","1.02","9.8","10.2","239","50.2% L / 49.8% R","0.0","0.0","0.0","0:00","0.0","0:00","No","00:00.00","--","0.0"
Running,2017-03-24 16:05:59,false,"Saanich East Running","3.83","241","00:21:24","--","--","--","178","189","5:35","4:55","43","44","1.01","0.0","0.0","--","--","0.0","0.0","0.0","0:00","0.0","0:00","No","00:00.00","--","0.0"
Running,2017-03-24 13:18:53,false,"Saanich East Running","3.73","234","00:18:55","--","--","--","181","189","5:04","4:24","26","26","1.09","0.0","0.0","--","--","0.0","0.0","0.0","0:00","0.0","0:00","No","00:00.00","--","0.0"
Running,2017-03-23 15:42:06,false,"Saanich East Running","12.17","762","01:00:05","--","--","--","181","193","4:56","3:50","98","98","1.12","0.0","0.0","--","--","0.0","0.0","0.0","0:00","0.0","0:00","No","00:00.00","--","0.0"
Running,2017-03-22 15:40:56,false,"Saanich East Running","5.08","319","00:27:14","--","--","--","176","185","5:21","4:31","45","47","1.06","0.0","0.0","--","--","0.0","0.0","0.0","0:00","0.0","0:00","No","00:00.00","--","0.0"
Running,2017-03-22 13:20:34,false,"Saanich East Running","1.92","122","00:10:17","--","--","--","179","185","5:21","4:33","--","--","1.05","0.0","0.0","--","--","0.0","0.0","0.0","0:00","0.0","0:00","No","00:00.00","--","0.0"
Running,2017-03-21 16:41:57,false,"Saanich East Running","2.32","142","00:12:28","--","--","--","178","189","5:23","4:44","--","--","1.04","0.0","0.0","--","--","0.0","0.0","0.0","0:00","0.0","0:00","No","00:00.00","--","0.0"
Running,2017-03-21 16:10:30,false,"Saanich East Running","5.60","343","00:24:26","--","--","--","183","197","4:22","3:29","1","1","1.26","0.0","0.0","--","--","0.0","0.0","0.0","0:00","0.0","0:00","No","00:00.00","--","0.0"
Running,2017-03-21 15:37:26,false,"Saanich East Running","4.13","260","00:19:56","--","--","--","181","246","4:50","3:47","--","--","1.15","0.0","0.0","--","--","0.0","0.0","0.0","0:00","0.0","0:00","No","00:00.00","--","0.0"
Running,2017-03-19 12:20:08,false,"Saanich East Running","9.67","600","00:53:56","--","--","--","179","191","5:35","4:50","100","100","0.99","0.0","0.0","--","--","0.0","0.0","0.0","0:00","0.0","0:00","No","00:00.00","--","0.0"
Running,2017-03-18 11:04:18,false,"Saanich Southeast Running","3.14","195","00:17:01","--","--","--","183","191","5:26","4:54","4","--","1.01","0.0","0.0","--","--","0.0","0.0","0.0","0:00","0.0","0:00","No","00:00.00","--","0.0"
Running,2017-03-18 10:15:35,false,"Saanich Southeast Running","7.63","464","00:39:47","--","--","--","178","240","5:13","3:08","13","8","1.12","0.0","0.0","--","--","0.0","0.0","0.0","0:00","0.0","0:00","No","00:00.00","--","0.0"
Running,2017-03-18 09:33:26,false,"Warm Up","3.68","233","00:20:03","--","--","--","182","191","5:27","4:25","--","3","1.02","0.0","0.0","--","--","0.0","0.0","0.0","0:00","0.0","0:00","No","00:00.00","--","0.0"
Running,2017-03-17 15:35:37,false,"Saanich East Running","5.69","358","00:30:44","--","--","--","182","193","5:24","3:54","42","42","1.01","0.0","0.0","--","--","0.0","0.0","0.0","0:00","0.0","0:00","No","00:00.00","--","0.0"
Running,2017-03-16 15:37:43,false,"Beach Drive Long Run","10.43","649","00:56:05","--","--","--","172","187","5:23","4:35","97","99","1.03","0.0","0.0","--","--","0.0","0.0","0.0","0:00","0.0","0:00","No","00:00.00","--","0.0"
Running,2017-03-15 14:37:20,false,"Saanich East Running","5.58","349","00:30:03","--","--","--","175","187","5:23","4:36","43","44","1.06","0.0","0.0","--","--","0.0","0.0","0.0","0:00","0.0","0:00","No","00:00.00","--","0.0"
Running,2017-03-14 15:40:33,false,"Saanich East Running","8.88","563","00:44:30","--","--","--","179","191","5:01","4:08","21","21","1.11","0.0","0.0","--","--","0.0","0.0","0.0","0:00","0.0","0:00","No","00:00.00","--","0.0"
Running,2017-03-11 11:57:28,false,"Saanich East Running","2.43","153","00:12:14","--","--","--","179","189","5:02","3:56","--","--","1.11","0.0","0.0","--","--","0.0","0.0","0.0","0:00","0.0","0:00","No","00:00.00","--","0.0"
Running,2017-03-08 15:42:54,false,"Saanich East Running","4.70","293","00:25:13","--","--","--","180","193","5:22","4:35","46","46","1.03","0.0","0.0","--","--","0.0","0.0","0.0","0:00","0.0","0:00","No","00:00.00","--","0.0"
Running,2017-03-05 11:00:06,false,"Bazen Bay 5k","5.04","305","00:18:24","--","--","--","188","200","3:39","3:15","7","7","1.46","0.0","0.0","--","--","0.0","0.0","0.0","0:00","0.0","0:00","No","00:00.00","--","0.0"
Running,2017-03-05 10:21:55,false,"Sidney Running","3.77","232","00:19:56","--","--","--","176","189","5:17","3:57","8","9","1.07","0.0","0.0","--","--","0.0","0.0","0.0","0:00","0.0","0:00","No","00:00.00","--","0.0"
Running,2017-03-04 09:39:14,false,"Saanich East Running","5.98","367","00:30:47","--","--","--","181","193","5:09","4:33","43","43","1.07","0.0","0.0","--","--","0.0","0.0","0.0","0:00","0.0","0:00","No","00:00.00","--","0.0"
Treadmill Running,2017-03-03 23:28:18,false,"Treadmill Running","3.15","196","00:15:53","--","--","--","185","191","5:03","3:53","--","--","1.10","0.0","0.0","--","--","0.0","0.0","0.0","0:00","0.0","0:00","No","00:00.00","--","0.0"
Treadmill Running,2017-03-03 23:15:41,false,"Treadmill Running","1.15","72","00:05:42.8","--","--","--","184","192","4:57","3:57","--","--","1.11","0.0","0.0","--","--","0.0","0.0","0.0","0:00","0.0","0:00","No","00:00.00","--","0.0"
Running,2017-03-02 16:34:49,false,"Saanich East Running","1.79","109","00:09:44.3","--","--","--","184","197","5:26","3:13","--","--","1.44","0.0","0.0","--","--","0.0","0.0","0.0","0:00","0.0","0:00","No","00:00.00","--","0.0"
Running,2015-12-12 07:16:56,false,"Running","6.30","392","00:28:19","--","--","--","179","193","4:30","3:35","--","--","1.24","0.0","0.0","--","--","0.0","0.0","0.0","0:00","0.0","0:00","No","00:00.00","--","0.0"
